review	label
짱맛. 힘들때 꼭 먹는 먹으러와요. 포장도 많이하고 배달도 많이 먹습니다. 야채곱창과 데리야끼 강추. 가성비 갑??	0
남자친구랑 방문했는데 너무 만족스러워요 칵테일 종류도 다양하고 직원분들도 치절하셔서 재방문 의사 있어요	0
고기 질이 좋고 맛있어요! 매장도 넓고 깔끔하네요	0
비 오는 날 양말 젖어서 찝찝함의 극치였는데 얼큰한 부대찌개 국물 한 모금에 모든 게 용서되는 맛이었습니다.	0
나베 양이 진짜 많아요. 그리고 소주 잔 고를 수 있는 메리트는 진짜 좋은 것 같아요.. 매장 분위기도 짱짱맨 웨이팅이 있었지만 다른 곳에서 놀다보니 금방 들어왔네요.	1
주말 오후에 갔는데 주방에 남자직원 한 명이 손님응대가 최악이에요 계산 실수해서 취소해야하는데 고객센터에 연락하라 하고 연락하니까 매장에서 취소하는게 맞다고 하고 모르면 모른다고 하면 될텐데 집에가서 봤으면 더 번거로워질뻔하고 사과도 안 하고 짜증내면서 일 하고요 사장님은 알바 관리가 필요할거 같아요	0
벨을 다섯 번을 눌러도 직원이 안 와요 바쁜 건 알겠는데 홀 응대가 전혀 안 되는 듯	0
올드카 동호회 정모라 주차장 넓은 곳 찾다가 발견했는데 사장님이 차 구경도 같이 해주시고 안주도 일품이라 다들 신났네요	1
그냥 이유 없이 꿀꿀한 날이었는데 달콤한 마카롱 한 입에 기분이 사르르 풀리네요 당 충전이 시급했나 봐요	0
분위기 좋은 곳에서 좋은 대화하고 갑니다 아끼는 사람들과 자주 방문하는 곳입니다 소고기 나베 정말 맛있어서 추천 드려요	0
안주도 엄청 맛있고 직원분들도 다들 너무 친절해서 좋았어요!! 매장도 넓어서 단체로 오기 좋더라구요 특히 안주 맛도 맛이지만 가성비가 좋아서 꼭 추천드려요!!	1
데이트로 이자카야 야끼소바 너무 좋다	0
오늘따라 신발 끈 자꾸 풀리고 짜증 유발하는 일만 생겼는데 달달한 초코 빙수 한 그릇에 평온해졌어요.	0
직원분들 다 친절하세요! 막창 엄청 실하고 술 잘 들어갑니다 깔끔해서 좋네요. 번창하세요	1
회사 부서원들이랑 연말 분위기 내러 왔는데 코스 요리가 정갈하게 잘 나와서 다들 대접받는 기분이라고 좋아하셨어요	1
보조배터리 안 들고 나와서 폰 꺼지기 직전이라 불안하고 화났는데 갓 튀긴 핫도그 하나 먹고 세상 태평해졌습니다.	0
취미 카페 정모 장소로 예약했는데 사장님이 친절하게 안내해주시고 음식도 깔끔하게 잘 나왔습니다	1
거래처 담당자 멍청한 소리 때문에 혈압 올라 죽는 줄 알았는데 칼칼한 김치찜 먹고 속풀이 제대로 했어요.	0
친구들과 약속 잡고 갔는데 분위기도 좋고 쭈꾸미가 탱글탱글해서 만족했어요 매운맛 단계 선택도 가능해서 누구와 가도 문제 없어요 마무리 볶음밥까지 완벽했네요	1
맛있었어요 데이트하는데 좋은 느낌 받았습니다 다음에 떠올게여	0
세번째 방문인데 몰리서도 올만 하네요 오늘은 카레나베 먹었는데 밥이 땡겨요 저번은 안주가 너무 맛있어서 소주 한병도 못먹었어요 진짜 강츄 입니다 .	1
회전 레일 덕분에 편하게 앉아서 다양한 재료를 골라먹을 수 있어요! 신선한 야채와 고기가 계속 돌아와서 선택의 재미가 정말 쏠쏠하군요	0
가게 인테리어도 예쁘고 음식 너무 맛있어요 이거 먹으러 대구에서 왔어용!!!	0
음료수 컵 안쪽에서 비린내가 진동을 함 설거지를 물로만 헹구는 건지 찝찝해서 못 마시겠음	0
데이트 하기 딱!!! 좋은 요비 가성비 넘치는 2인 오마카세로 맛있게 먹고 왔어요	0
마싯어요!! 2차로 대화하기 좋아요 찾고 데이트하기에 좋을 거 같아요	0
책상에 물 쏟아서 서류 다 젖고 멘붕이었는데 쫀득한 마카롱 한 입에 짜증이 싹 사라졌습니다ㅎㅎ	0
시부모님이랑 같이 식사하는 자리라 조용한 룸 식당 찾았는데 방음도 잘 되고 코스 요리 구성이 알차서 칭찬받았어요^^	0
데이트나 소개팅하기 너무 좋아요 맛있고 분위기 좋아요	0
게임 길드 정모라 전국에서 20명 모였는데 사장님이 모니터 근처 명당으로 자리 잡아주셔서 정모 분위기 제대로 내고 왔네요	1
회사 송년회 장소로 선택했는데 분위기부터 음식 맛까지 나무랄 데 없어서 내년에도 여기서 하자는 의견이 많네요	1
오픈 주방이라 믿었는데 요리하면서 마스크 안 쓰고 계속 기침함 더러워서 입맛 뚝 떨어짐	0
친구들이랑 오랜만에 모이는거라 술집 찾던 중 발견해서 왔는데 너무 좋아여 분위기도 좋고 무엇보다 안주가 느무 맛있어서 소주 3병 가능한 술집입니댜..??????	1
벌써 두 번째 방문입니다! 이렇게 맛있는 양식을 파는데 소주와 함께 먹을 수 있다니 너무나 행복한 일이 아닐 수 없네요. 지난번에 왔을 땐 올리브 아이스크림도 먹고 사이드 많이 먹었는데 오늘 1차로 와서 많이 먹으려고 메인 메뉴부터 주문했습니다! 사장님 너무 친절하시구요. 너무 맛있어서 사진을 못찍었는데.. 콥샐러드 정말 맛있어요 소주랑 같이 먹기 정말 짱입니다. 그리고 화장실 청결은 말해 뭐예요!! 너무 깨끗합니다!! 사장님 저희를 단골로 받아 주세요? 너무 맛있게 잘 먹었습니다. 다음에 또 가겠습니다. 행복한 추석 명절 보내세요.	1
대학 선후배들이랑 오랜만에 모이는 자리였는데 안주 구성이 알차서 다들 배불리 먹고 기분 좋게 헤어졌어요	1
동창회 2차 장소로 왔는데 마른안주 구성도 좋고 맥주도 시원해서 마무리까지 완벽한 모임이었어요	1
서빙하시는 분 손톱이 너무 길고 화려해서 음식에 닿을까 봐 조마조마했습니다 위생 관념 좀..	0
덮밥 소스가 너무 짜서 밥 추가했는데 추가 요금 받음 애초에 간을 잘 맞추시던가	0
가족들이 조아해서 항상 오는 맛집입니다!	0
어제 친구랑 오해 생겨서 잠 한숨도 못 자고 짜증 가득이었는데 여기 브런치 비주얼 보고 기분 사르르 녹아버렸네요~	0
우왕 진짜 다 맛있고 직원분들이 친절하셔서 좋아요!! 추천합니당	0
기본은 지켰으면 합니다  ✅위생❌(직원 유니폼,수저,후추통,바닥 휴지) ✅서비스❌ -제 미나리를 바닥에 흘리시고 일언반구 없이 그냥 가시네요 주우시기라도 하시지 -손님상 앞에서 통화를 하시나요? 제가 직원분들 통화들으러 여기 온거 아닙니다. -추가 메뉴를 그냥 테이블에 툭두고 가요 여기 있는내내 무시받는거 같았습니다. ✅맛 제 입맛엔 아니네요 짜글이,김치볶음밥 다 남기고왔어요 ✅가격/양 둘이서 냉삼5인분 시켰습니다 총750g이겠죠? 거짓말안하도 아주 아주 배고팠습니다.  평일 오후 5-6시쯤 방문했음에도 재료소진으로 생삼겹이랑 내장탕 주문이 불가하다고 합니다.  메뉴 종류도 별로 없는데 말이 됩니까?  김치볶음밥 호일안에 냉동된거 불판에 해동시켜서 줍니다. 너무 충격이었어요. 	0
이대 정문 골목에 이런 멋진 곳이 생긴지 몰랐어요! 오랜만에 생일 모임으로 왔는데 특별한 음식들을 먹으면서 추억을 즐길 수 있었어요! 식전 뱅쇼도 새롭고 음식 맛도 다양하고 비주얼도 좋네요!	1
이번에 새로 창단한 축구팀 창단식 하려고 대관했는데 공간이 넓어서 유니폼 입고 다 같이 사진 찍기에도 너무 좋았어요	1
많이와도 항상 질리지 않거 맛있게 먹을수있어서 좋아요	0
부서 이동하기 전 마지막 회식이라 의미 있는 자리였는데 분위기도 고급스럽고 음식도 정갈해서 기분 좋게 마무리했습니다	1
여기는 여자친구가 건대에서 살았을 때 아지트같은 카페에요 음료 완전 왕 맛있고 친절해서 자주 와요	0
메로구이를 시켰는데 많이 느끼하지 않고 부드러워서 술안주로 좋았습니다! 은은한 조명과 덕분에 대화하기 좋은 분위기였어요. 건대에서 친구들이랑 모이기 딱 맞는 곳이었네요!	1
햇살 좋은 창가에 앉아 브런치 먹으니 내가 영화 속 주인공 된 기분 소소한 사치로 우울함 극복했습니다	0
유튜브 촬영팀이랑 현장 답사 끝나고 점심 먹으러 왔는데 음식 비주얼이 너무 예뻐서 밥 먹기 전에 카메라부터 들이대느라 한참 걸렸어요	1
좀 간이 세고 음식은 평범. 종업원들 교육은 다시 시키셔야 할 듯. 상 치우는 소리 때문에 식사 시간 내내 짜증나 죽는 줄 알았음. 소위 짬통이라 불리는 파란색 플라스틱 통을 식탁 위에 올려놓고 밥 먹는 곳 바로 옆에서 남은 음식을 한 곳에 부어댐. 이런 건 주방 안, 손님 안 보이는 곳에서 하는 게 기본 중의 기본임. 밥맛 뚝 떨어짐. 심지어 국그릇까지도 싸구려 멜라민 그릇이라 치우는 동안 엄청 덜그럭거림. 계산대에 앉아 있던 여자분은 손님이 들어와도 본 체 만 체. 나름 괜찮은 한정식 집으로 포지셔닝 하려는 것 같은데 수준 낮은 고객 응대 서비스는 개선이 필요함. 홀에 정리 안 된박스들까지 정신 없음. 어른들 모임, 상견례 자리로 좋긴 커녕, 이런 곳에 모시고 가긴 별로임.	0
2차로 가기좋아요 이자카야 분위기좋습니다 안주 맛있고 친절하시고 노래선곡 좋습니다 !	1
건대에서 최고 가성비 횟집입니당 친구랑 함께하기 좋아요	1
매장도 크고 청결하고 맛있게 먹었어요 유명한 이유를 알겠네요 또올게요!	0
음식이 정갈하면서 맛있고 정성을 다해 준비한 느낌이 마음에 들어서 자주 방문할 거 같아요! 보니까 단체룸도 있는 거 같은데 모임할 때 이용하면 딱일 거 같고요	1
전통시장 상인회 분들이랑 단체 관광 다녀오며 들른 갈비집인데 주차장도 넓고 고기 양도 푸짐해서 다들 기분 좋게 하루 마무리했어요	1
남자친구랑 함께 방문했습니다! 방어 너무 신선했고 인테리어도 플레이팅도 이뻤네요 직원분도 친절하셨어요! 다음에 또 방문하고 싶어요	0
건대 술집 찾으신다면 꼭 방문해보세요! 음식도 너무 맛있고 분위기도 좋아요 다음에도 친구들이랑 술 마실일 있음 꼭 재방문 하려구요	1
부서 전체 회식으로 온 장어집인데 장어가 정말 실하고 통통해서 다들 기력 보충 제대로 하고 갑니다	1
만족스러운 조합이네요! 훠궈에 삼겹살이랑 닭고기, 김치까지 구워먹으니 한국인 입맛에 딱 맞아요.	0
직장 동료들이랑 스트레스 풀러 매운 짬뽕 먹으러 왔는데 다들 땀 뻘뻘 흘리면서도 젓가락을 못 놓더라고요	1
리뷰 이벤트 한다고 써붙여놓고 참여하니까 재료 소진됐다고 말 바꾸시네요 낚인 기분 듭니다	0
지나가는길에 새로 생겨서 와봤는데 너무 맛있어요 피맥 즐기시는분들에게는 좋을것 같아요. 추천합니다	1
너무 맛있게 잘먹었어요. 넓어서 쾌적하게 식사할 수 있어요!!	0
전 부터 오고싶었는데 오늘 드디어 와봤습니다. 친구 제정신에 온게 처음이래요 돼지김치탕 먹으면서 해장돼요 집 앞이면 자주 오고 싶어여	1
주차 자리에 사람 서서 알박기 하는 거 보고 진짜 혈압 올랐는데 여기 시원한 하이볼 한 잔에 화가 눈 녹듯 사라졌습니다.	0
음식이 빨리 나와서 너무 좋았어요. 같이 간 일행들이 맛이 좋다고 만족했고 기본안주도 훌륭했습니다! 매장도 깨끗해 이용하기 좋았습니다.	1
돈가스 고기는 종이장처럼 얇고 튀김옷만 두꺼움 밀가루 튀김 먹으러 온 거 아닌데	0
친구들이랑 연말 파티 하려고 예약했는데 분위기 내기 너무 좋고 와인 안주들도 다 맛있었습니다~	1
고등학교 친구들이랑 연말 파티 겸 모였는데 안주 플레이팅이 너무 예뻐서 사진만 수백 장 찍은 것 같아요ㅋㅋ	1
예약하고 오시는 분들이 많은 것 같은? 가실 분들은 예약하고가면 좋을듯! 예약없이가서 그런지 바 테이블쪽에 앉았는데 자리가 협소해서 불편했어여! 음식은 깔끔하고 괜찮았어요 느끼한것도없고! 다만 먹어도 별로 배부르지가 않아서 딴거 또 먹으러 감..	0
요리 동호회 뒤풀이로 들렀는데 사장님이 주방 철학이 대단하셔서 다들 맛보면서 공부도 되고 입도 즐거운 식사 하고 왔네요	1
재개발로 뿔뿔이 흩어졌던 옛 동네 이웃들이 10년 만에 모였는데 여기 불고기 맛이 옛날 생각나게 해서 다들 눈물 콧물 쏟으며 먹었네요	1
남자친구랑 오마카세 데이트왔는데 너무 분위기도 좋고 플레이팅이 깔끔해요!!	0
매장 조용해서 술 마시기 좋아요 2차로 오기 딱이에용	1
데이트 하기 좋은 이자카야 술집이에요. 대화하기 좋은 아늑한 분위기라 대화하거나 혼술하기도 좋아요.	0
취미로 하는 가죽 공예 동호회 정모였는데 테이블이 넓어서 만든 작품들 늘어놓고 자랑하면서 맛있는 안주 먹기에 최고였어요	1
치킨 속살이 붉어서 덜 익은 거 아니냐니까 핑킹 현상이라고 무조건 우김 핏물 뚝뚝 떨어지는데 비위 상함	0
친구랑 예약하고 잘 먹고 가요!	1
식전 빵이 돌덩이처럼 딱딱해서 이빨 나가는 줄 데워주지도 않고 성의가 너무 없음	0
양꼬치 고기 질 최고! 푸짐하고 양념도 짱이에요! 서비스 만두까지 행복한 한 끼였어요	0
러닝 크루들이랑 한강 뛰고 근처 맥주집 왔는데 분위기도 힙하고 감자튀김이 정말 맛있어서 피로가 싹 가셨네요	1
할로윈에 분위기 있는 술집에서 맛있게 먹고 갑니다!!	1
계산할 때 금액 틀려서 말씀드렸더니 오히려 저를 이상한 사람 취급하네요 사장님 마인드 대박	0
보드게임 정모 하려고 넓은 테이블 찾다가 예약했는데 안주 놓을 자리도 넉넉하고 매장이 쾌적해서 장시간 모임 하기 좋았어요	1
오늘 유난히 지치고 우울했는데 한 입 먹자마자 눈 녹듯이 사라졌어요..ㅠㅠ 역시 우울할 땐 맛있는 게 최고네요. 사장님의 정성이 담긴 맛 덕분에 위로받고 갑니다!	0
친구랑 갑작스럽게 방문했는데 바로 이용가능해서 좋았어욤 늘 오던 집이라 맛집인건 알아서 맛은 보장했습니다 역시 맛있고 다음에도 떠 방문할께염	1
월급날이라 플렉스 하러 왔는데 통장은 가벼워졌지만 마음은 풍성해졌어요 맛있는 거 먹으려고 돈 버는 거죠	0
예약하고 갔는데 명단에 없다고 문전박대 당함 통화 기록 보여줘도 자리 없다는 말만 반복함 시간 낭비 레전드	0
맛있고 친구들하고 모임하고 좋습니다!	1
회식하러 왔는데 대화하기도 좋고 안주 가성비도 좋고 너무 맛있어요 !!! 치한당 최고	1
친구들이 술 마시고 있을 때 늦게 합류했어요. 음식이 코스로 착착 나와서 먹는 흐름이 끊길 일도 없고 다 너무너무 맛있었습니다	1
스테이크 미디엄 레어로 시켰는데 속이 차가워요 해동도 제대로 안 하고 구우신 듯	0
고등학교 시절 밴드부 멤버들이 20년 만에 모여서 악기 대신 숟가락 들고 수다 떨었는데 안주가 너무 맛있어서 공연 때보다 더 신났어요	1
길드 정모라 전국 각지에서 50명 넘게 모였는데 공간이 워낙 넓어서 이름표 달고 고기 구워 먹기에 이보다 완벽한 장소는 없었습니다	1
식전 빵이 돌덩이처럼 딱딱해서 씹다가 턱 빠지는 줄 알았습니다 데워주는 정성도 없나요	0
벌써 세번째 방문이에요!! 갈 때마다 너무 맛있게 먹고 있고 폭염에 생맥주 미쳤잖아요 또 재방문 할 겁니당	1
친구들과 총 6명이서 방문했는데 서비스도 많이주시고 사장님께서 엄청 친절하셔서 기분 좋게 먹고 갑니다 나중에 또 오겠습니다!	1
친구 생일이라 여럿이서 모였는데 케이크 반입도 흔쾌히 허락해주시고 플레이팅도 예뻐서 다들 사진 찍느라 바빴네요	1
친절하고 특별한 가게! 작년에 교수님과 단체로 왔었는데 좋았어서 또 왔어요 여전히 만족	1
오늘따라 세상이 나를 억까하는 기분이라 다 죽이고 싶었지만 여기 달달한 드립 커피 향기에 평화가 찾아왔습니다.	0
커피랑 음료 종류가 다양하고 친절하셔요 이벤트도 있어서 즐겁네요 친구들이랑 오기 넘 좋아요	1
친절하게 응대해주셨어요!! 음식도 너무 맛있고 새로 생겨서 그런지 엄청 깨끗해용 건대에서 맛있는 안주 먹으며 분위기 좋은 시간 보내고 싶은 분들께 엄청 추천드려요!! 저는 다음번에 또 방문할게요	1
오픈런 해서 들어온 보람이 있네요 남들보다 먼저 먹는 성취감과 맛있는 음식의 조화	0
매장 안이 너무 더워서 땀 뻘뻘 흘리면서 밥 먹음 에어컨 좀 틀어달라니까 전기세 아깝나요	0
여기 너무 마싯서요 날마다 제가 힘들때마다 오는 곳..	0
친구들과 오랜만에 이대도 가보고 저녁도 맛있게 먹었습니다. 향신료가 강하면 어떻게 하나 걱정도 하였는데 한국인 입맛에 잘 맛아서 맛있게 먹었습니다. 샐러드도 신선하고 빵도 맛있었어요. 뱅쇼에 올리브유도 처음 맛보았는데 매우 좋았어요. 건강식이라 더 좋구요. 다음에 또 방문하겠습니다.	1
생각보다 양이 많고 주문한 음식 모두 맛있어요!! 분위기도 좋고 직원분들 친절하시고 정기모임 장소로 해야겠다고 다들 만족도 최고였어요 맛있게 잘 먹었습니다	1
안주도 맛있고 다른 술집과 비교되는 건 계속 손님들 체크해주시는 게 너무 마음에 들었어요 서비스도 잘 챙겨주시고 깔끔하게 가게 관리 해주시는 것 같아서 감사합니다 다음에 꼭 또 들릴게요	1
꼬소하고 술이 술술땡깁니다 사랑하는 친구와 와서 더 행복한 불금이네요 잘먹고 갑니다 번창하세요	1
알바생들이 너뮤 별로에요 뒤에서 손님들 험담은 기본이고 입도 더럽고 서비스 하기싫음 알바하지 말던지.. 몇번에서 존나게 부른다 ㅎㅎ 오늘은 날이 아니다 등등 사람 상대하는일 힘든거 아는데 더러우면 돈벌지 말던지 내 최애 집이였는데 저사람들때문에 다시오기 싫어졌어요 머리긴여자 알바생 안경쓴 남자 알바생 욕하려면 뒤에서 조용히 상식을 지키며 하세요	0
약속 시간 1시간 늦는 친구 기다리느라 빡쳤는데 친구가 사준 소고기가 너무 입에서 녹아서 화가 안 나네요ㅋㅋ	0
직원이 너무 친절해서 대접받는 기분 제대로 느꼈어요 맛도 맛이지만 서비스 덕분에 기분이 더 좋아져서 나갑니다	0
건대 같이온 친구가 예전부터 온 곳!! 친구가 오자해서 왔는데 진짜 후회없어요.. 아귀튀김 감동 건대는 먹을곳 없다구생각했는데 전혀아니였습니당. 막회집 최고	1
제철 음식 먹으니 계절의 변화가 실감 나네요 신선한 재료 본연의 맛에 몸이 건강해지는 기분	0
2인세트 메뉴가 너무 알차고 맛있습니다! 퇴근하고 한 잔하기 너무 좋아요	1
분위기 넘 좋아요 친구들이랑도 연인이랑도 오기 좋은 곳인듯 3 서비스 안주인 미니 피자 넘 기엽고 맛있습니당 메뉴 다 맛있구 분위기도 좋은 질서정연 건대 술집으루 추천 .	1
다양한 중국식 요리를 맛볼 수 있어 좋았습니다. 양꼬치 고기 질도 훌륭했고 곁들인 냉면도 깔끔한 맛이었네요. 깔끔한 매장에서 잘 먹었습니다.	0
건대 이자카야 술집중에 최고입니다 음식도 맛있고 사장님도 친절하세요 담에 또 올께요	1
특별한 날은 아니지만 기분 내고 싶어서 왔는데 주인공이 된 기분이에요 분위기 맛집 인정	0
맛있어요. 음악도 좋구 친구들이랑 술 마시기 좋아요.! 다음에도 또 올게요	1
음식 가격에 비해 양이 너무 적음 접시는 큰데 음식은 쥐꼬리만큼 담겨있음 플레이팅만 번지르르함	0
맛있어요! 직원분들도 다들 너무 친절하세요 또올꺼예요!!!	0
치즈떡이랑 고기 조합이 꿀임 매운맛인데 은근히 계속 손이 가는 중독성이 있음 직원분들 모두 친절해서 기분 좋게 먹고 나옴 다음엔 더 큰 인원 데리고 와서 이것저것 추가해볼 생각임	0
비건 식당이라 맛이 덜할 줄 알았는데 편견을 깨주는 맛이네요 속도 편하고 마음도 편하고 지구도 지키는 기분	0
리뷰 평점 믿고 갔는데 낚였음 맛 서비스 위생 뭐 하나 만족스러운 게 없는 총체적 난국	0
회전초밥집인데 레일 위에 초밥들이 다 말라비틀어져 있음 뚜껑이라도 덮어놓지 위생 관념 부족	0
항상 깔끔한 음식. 좋아요. 특히 단체 행사하기 맞춤 입니다!	1
친구네 커플 추천으로 방문했어요 세트 구성 하나하나 버릴 거 없이 다 너무 맛있어요! 점원분이랑 사장님도 친절하셔서 기분 좋았습니다 나중에 친구들 더 데리고 올거에요!!	1
사내 동호회 마무리 장소로 잡았는데 매장이 넓어서 40명 넘는 인원도 거뜬히 수용 가능해서 좋았습니다	1
맛있고 적당히 조용하고 조명도 어두워서 저녁에 술마시기 너무 좋아요 !	1
여자친구랑 브런치 먹으러 왔는데 채광도 좋고 프렌치토스트가 진짜 퐁신퐁신해요.. 주말 아침의 여유 너무 좋습니다	0
노래가 좋고 대화하기 좋은 장소입니다! 음식도 맛있어서 다음번에 또 올 것 같아요	1
인테리어도 분위기도 너무 좋고 사진찍기 딱?? 소금빵 도넛 다 맛있었어욜?? 아아는 산미없는 고소한 커피!!! 완전 제스퇄재방문 의사 백프로????	0
데이트 꿀맛집 모듬사시미 필수코스임	0
기대안하고 들렀는데 음식도 빠르게 나오고,1층에사람많은데 2층으로 배려해주셔서 친구랑 편하게 먹으면서재밌는 시간보냈습니다!! 정식 추천합니다	1
분위기도 너무 좋고 직원분도 친절해요 !! 시끄럽지 않아서 친구들과 얘기하기도 좋네요 잘 먹구 갑니다!	1
사이트 비밀번호 자꾸 틀려서 계정 잠기고 진짜 답답해 죽는 줄 알았는데 고소한 와플 먹고 화 다 풀렸습니다.	0
남자친구 생일이여서 왔어요 맛있어요	0
회사 워크숍 저녁 식사 장소였는데 고기 질이 너무 좋아서 다들 내일 일하기 싫다고 할 정도였네요	1
아이들 방학동안 지친 몸과마음을 힐링하러 온 은행나무집!! 주차장이 넓네요 장어 2인 반반소금,양념주문해서 사장님께서 맛있게 구워주시면 깻잎위에 묵은지랑 생강올리고 촵촵입에서 살살녹네요 장어탕과 전복라면까지 흡입!! 육아하다 힘들면 또 와야겠어요	0
오늘따라 왜 이렇게 억울한 일만 생기는지 다 부수고 싶었는데 여기 육사시미가 제 마음을 달래줬네요.	0
음식 나오는데 속도 빠름 양도 푸짐해서 여러명이서 나눠 먹기 좋음 셀프바가 있어서 깻잎이나 콩나물 마음껏 가져다 먹을 수 있는 점이 최고임 회식 끝나고 다들 칭찬함	1
산악회 회원들이랑 하산하고 들른 곳인데 도토리묵이랑 파전 맛이 일품이라 피로가 싹 가시는 기분이었습니다ㅋㅋ	1
어린이날 아이들과 함께 대공원 방문후 저녁으로 예약하여 방문하였는데 너무 만족합니다. 고기질도 좋고 맛도 좋고 서비스 또한 좋습니다. 직원분들의 친절함이 무엇보다 기억에 남네요.	0
고기 직접 구워주시고 친절하시구 넘 맛있어요!! 학교 바로 앞에 있어서 친구들이랑 와서 먹기두 넘 조아욤????	1
여기 크림도넛 너무 맛있어요 항상 늦게 와서 다 팔려서 못 먹었는데 오늘은 성공적??????	0
대학교 동창들이랑 송년회 했는데 안주가 너무 맛있어서 다들 다이어트 포기하고 폭풍 흡입했네요ㅋㅋ	1
문 열자마자 맛있는 냄새가 확 풍기는데, 들어오는 순간부터 기분이 좋아지더라고요. 우울할 틈 없이 흡입했습니다. 여기는 제 행복 충전소예요.	0
추운 날씨에 꽁꽁 얼었던 몸이 따뜻한 차 한 잔에 사르르 녹아요 마음까지 따뜻하게 데워주네요	0
여행 못 가서 우울했는데 현지 느낌 물씬 나는 맛 덕분에 잠시나마 해외여행 다녀온 기분이에요	0
혼자 카페에 앉아 멍하니 창밖 보며 커피 마시는데 이 여유가 너무 소중하네요 복잡한 머릿속이 차분해집니다	0
직원분들도 너무 친절하시고 무엇보다 안주가 너무나도 맛있어서 술이 쭉쭉 들어가는 기분이었어요 앞으로 종종 건대 술집 하면 이자카야우규 방문 할 거 같아요 너무나도 맛있게 잘 먹었습니다	1
고향 친구들 서울 상경 기념으로 모였는데 분위기 좋은 곳에서 맛있는 안주 먹으니 고향 생각나고 좋네요	1
낙삼새 맛집 인정합니다 양도 많고 매콤한 양념에 스트레스가 확 풀렸어요! 또 갈 거예요!	0
기분 안 좋을 때마다 찾는 믿고 먹는 맛집 실패 없는 맛이라 한 입 먹으면 바로 안정이 찾아와요	0
방구석에만 박혀 있었는데 친구가 끌고 나온 이유가 있었네요 이 맛을 못 봤으면 계속 우울했을 거예요 친구야 고맙다	0
n년째 건대오면 무조건 방문하는 포항막회!! 더운날 물회랑 항상 고민하지만 막회 문어초회 못잃져너무 맛있어서 항상 건대모임하면 포항막회 후보지가 1번이에요! 사장님이 넘나 친절하셔서 자꾸 한병씩 소주 추가되는건 안비밀!! 웨이팅있는 맛집이니 다들 칼퇴요망!!	1
한 입 먹고 너무 맛있어서 기분 좋아졌어요 안주도 다 맛있고 사장님, 직원분들도 너무 친절하셔서 기분 좋게 먹고 갑니당	1
두번째 방문인데 단체모임하기 진짜 좋아요!!	1
오랜만에 친척들 다 모여서 갈비 먹운대 고기가 야들야들해서 애기들도 잘 먹고 어른들도 좋아하셨어요	1
헬스장 갔는데 기구 하나도 없어서 기다리다 짜증 나서 그냥 나왔는데 집 앞에서 사 먹은 핫도그가 역대급이라 행복해졌어요.	0
플로깅 봉사 활동하고 땀 범벅 된 회원들이랑 시원한 콩국수 마시러 왔는데 사장님이 고생한다고 양을 곱빼기로 주셔서 너무 감사했어요	1
스트레스 너무 많아서 짜증났는데 맛있는 음식이 답인가 봅니다 진짜 분노를 없애주는 맛이네요!!	0
회사 동료들이랑 퇴근길에 갑자기 번개로 모였는데 안주가 너무 맛있어서 한 명씩 계속 일행 부르다 보니 어느새 대규모 회식이 됐네요	1
도전해 본 신메뉴가 대성공이라 기분 째지네요 새로운 맛을 발견하는 기쁨에 우울함 따위 잊었어요	0
매운맛 조절 가능하대서 덜 맵게 해달랬는데 캡사이신 들이부은 줄.. 속 쓰려서 다 못 먹고 나옴	0
매일 똑같은 일상이 지루하고 우울했는데 오늘 발견한 이 맛집이 제 일상에 활력을 주네요 앞으로 단골 예약입니다	0
볶음밥에 기름을 들이부었는지 그릇 바닥에 기름이 흥건함 니글거려서 속 뒤집어짐	0
분위기 체고 친구들 데려오기 너무 좋아요 ????????	1
사이드 메뉴도 기대 이상이었어요 튀김류가 바삭하고 소스 궁합이 좋아서 국물이랑도 잘 어울렸습니다 다들 만족하더라구요	0
분위기 최고! 모임하러 왔는데 또 여기서 다음 모임 진행하려구요	1
데이트로 진짜 좋은 것 같아요!! 음식 구성도 좋고 엄청 맛있습니다! 커플이시라면 꼭 들려보시는걸 추천해요!	0
친구가 대구에 있는 본점에서 연막창을 먼저 먹어보고 추천해줘서 같이 오게 되었는데 기대 이상으로 너무 맛있어요 다음에 다른 친구들도 데리고 와서 재방문 할 계획 100000입니다.	1
고기가 아주아주 신선합니다!! 육즙이 지려요! 회기 최고의 삼겹살집 추천합니다 홀이 넓어서 모임하기도 좋고, 사이드도 맛나요??	1
물컵에서 비린내 나서 물도 못 마시고 음료수 시켜 먹음 기본적인 위생이 안 되어 있음	0
처음 갔는데 소스 레시피 친절히 알려줘서 금방 맛의 길로 입문했어요 국물이 진하면서도 깔끔해서 마지막 한 숟갈까지 부담 없었음 직원분도 친절했어요	0
올때마다 기분 좋고 맛있게 먹을 수 있는 분위기 좋은 이자카야입니다. 조만간 지인들과 함께 또 올겁니다!!	1
매콤한 떡볶이 국물에 튀김 찍어 먹으니 세상 시름이 다 잊혀지네요 학창 시절로 돌아간 것 같아 기분이 몽글몽글해요	0
그냥 동네 친구들이랑 편하게 슬리퍼 끌고 모였는데 매장이 넓어서 오래 앉아 수다 떨어도 눈치 안 보이고 참 편안한 아지트 같은 곳입니다	1
재방문입니다! 다시 와도 너무 맛있네요 단체로 방문하실 분들은 주말에는 예약하는 것을 추천드립니다. 직원분들도 다들 친절해서 더 기분 좋게 식사하였습니다.	1
너무 깔금하고 맛도 좋고 분위기도 좋네요 모임 장소로 굿	1
처음 방문했는데 음식도 넘 맛있고 가격도 비싸지 않아서 자주 갈 것 같아요! 같이 간 친구들도 다 만족했습니다! 직원분들도 너무 친절하십니다!! 모임 장소로 추천합니당	1
취미 동호회 전시회 끝나고 뒤풀이 장소로 왔는데 매장 분위기가 세련돼서 다들 만족스러운 식사 했습니다	1
건대입구에서도 가깝도 접근성이 좋은 곳이랍니다 안주류도 다양하고 맛있어요 모임하기 딱좋아요 친구들이랑 수다수다하고 술도 한잔 먹기 안성맞춤	1
맛있어서 재방문햇어용!!	0
다른지점보다 넓고 종류도 많아요!!!!!!! 1인용이라 깔꿈햐여 아자스!!!!!!!!	0
친구랑 건대 골목 지나가다가 들른 술집인데 가성비도 좋고 맛도 좋아요. 사진에 모듬사시미 포함 4메뉴에 58000원인데 다른 곳 가면 최소 10만원 나올 것 같아요. 번창하길 기원하겠습니다.	1
연인과 함께 오면 분위기도 좋고 편안하게 대화할 수 있어서 데이트 장소로 추천합니다.	0
맛있게 먹었어요 재방문 의사 있습니다	0
오랜만에 부모님과 고베 규카츠에서 데이트 했어요!! 되게 아늑하구 좋았어요! 다음에 부모님과 또 방문 할거같습니당	0
진짜 ㅈ버러지 같은 인간들 상대하느라 진 다 빠졌는데 여기 곱창 전골에 볶음밥까지 클리어하니 세상이 아름답네요.	0
친구들이랑 파티룸 빌려 놀다가 배달 시켰는데 양도 엄청 많고 포장도 꼼꼼해서 다들 만족하며 먹었네요~	1
동아리 창립 기념일에 역대 회장님들까지 다 모인 큰 자리였는데 매장이 중후하고 음식도 정갈해서 격식 있는 모임 하기 딱이었습니다	1
음식 양이 너무 적어서 2인분 시켰는데 혼자 먹어도 배고픔 가성비 최악 다시는 안 옴	0
취미로 하는 사진 동호회 출사 끝나고 들렀는데 조명이 예뻐서 안주 사진이 너무 잘 나온다고 다들 카메라 셔터 누르느라 정신없었네요	1
그냥 오늘따라 되는 일 하나도 없고 ㅈ같아서 울고 싶었는데 여기 음식들이 너무 따뜻해서 위로받고 갑니다.	0
생일예약 너무 좋아요!! 맛있게 잘 먹고 잘 놀다가요	1
청첩장 모임으로 갔는데 진짜 존맛입니다 대구 안가도 돼요 다들 막창 먹고 싶음 여기 오시죠.	1
지난번에 친구들과 왔는데 맛있어서 다시왔어요 메뉴 모두 깔끔하고 맛있어요!	1
모임을 위해 룸으로 예약해서 방문했어요. 분위기가 고급스럽고 음식이 서빙될 때마다 자세한 설명과 함께 즐겁게 식사했어요. 음식도 흔하지 않은 고급진 비주얼과 맛으로 참석하신 모든 분들이 만족했습니다.	1
힘들 때 마다 늘 오는 곳, ?? 오늘도 넘나 맛느게 먹고 힐링 받구 감미다.. 오래오래 번창해주세요...??	0
넓어서 단체로 왔는데 너무 맛있게 먹었어요	1
남편이랑 연애 시절 자주 가던 떡볶이집 오랜만에 갔는데 맛이 변함없어서 추억 돋네요 ㅋㅋ 쿨피스 필수!	0
이 맛 변치 말고 오래오래 있어 주세요 제가 힘들 때마다 찾아올 수 있게 제 인생의 소울푸드 맛집입니다	0
단골이에요 여기오면 너무 맛있어서 신나요!!	0
친구들하고 모임이었는데 만족스러웠습니다	1
친구랑 간술하러 방문했는데 분위기 좋고 맛있어요	1
배달로 콩나물 제외하고 종종 시켜먹었는데 확실히 매장 와서 먹는 게 더 맛있음 철판 불향과 쫄깃한 식감이 살아있고 다음엔 매장에서 친구들이랑 먹을 예정임	1
예약하고 직장 회식으로 이용했어요!! 친절하시고 음식 너무 맛있어요 감사함니다	1
친구랑 건대와서 방문했어요! 직원분들도 친절하시고 음식도 너무 맛있었습니당	1
집 앞이라서 가벼운 맘으로 갔는데 내부 인테리어도 넘 예쁘고 식사 디져트 모두 만족스러웠습니다! 다음번엔 예쁘게 잘 차려입고 데이트하러 오고싶을만큼 좋은 공간이었어요	0
친구들이랑 오랜만에 만나는 장소로 정했어요! 음식들이 하나같이 다 새롭고 맛나서 모두 만족하며 먹었네요. 양도 꽤 많아서 배불렀어요.	1
예약 후 방문했었는데 일요일 오후 이른 시간대라 그런지 사람은 한팀밖에 없었어요. 그런데 일하시는 직원분이신지 사장님이신지 입장해서 예약하고 왔다고 했는데도 몇명이냐고 어눌하게 계속 묻기만해서 중국분이신가 했는데, 발음도 부정확하고 한쪽귀에 이어폰도 꽂고 일하시고 룸에서 주문받거나 음식 갖다주고 나가실 때 문도 닫아주지도 않고 계속 가버려서 좀 짜증났어요. 심지어 실내 복도 계단에서 담배도 피우시고 음식 준비도 직접 하시는 것 같던데 좀 너무한 것 같다는 생각이 들었네요; 파리도 날라다녀서 위생도 어떤지 모르겠구요... 무엇보다 주문받고 음식 갖다주실 때 너무 태도가 별로여서 다시 안갈 것 같네요. 다른 리뷰들은 좋게 써져있던데 어떻게 그렇게 다른지 모르겠네요...;;	0
생일 기념으로 술집에 왔는데 메뉴도 다양하고 리뷰이벤트도 엄청 알차고 직원분들도 상냥하셔요. 테이블도 떨어져있어서 대화하기 좋습니다!	1
진짜진짜 맛있고 다들 너무 유쾌하시고 친절하셔서 늦은시간인데도 텐션이 올라용! 밤샘가능!	1
이번 회식 장소로 여기 골랐는데 팀원들 다 만족해서 뿌듯하네요 고기도 다 구워주시고 매장도 넓어서 대화하기 딱이었어요	1
상사가 자기 잘못을 내 탓으로 돌려서 진짜 피가 거꾸로 솟았는데 여기 칼칼한 동태탕 국물 마시니까 속이 다 시원해집니다.	0
동네 자치위원회 회의 끝나고 어르신들이랑 식사하러 왔는데 매장이 깔끔하고 서빙이 빨라서 다들 칭찬 일색이셨어요	1
냅킨 통에 먼지가 수북하게 쌓여있어요 보이는 곳도 이런데 주방은 어떨지 상상도 하기 싫음	0
야근하고 늦은 시간에 왔는데도 반갑게 맞아주셔서 감사해요 지친 몸 이끌고 온 보람이 있는 꿀맛입니다	0
진짜 오늘 지구가 멸망했으면 좋겠다 싶을 정도로 빡쳤는데 달달한 크림 도넛 하나에 세상이 예뻐 보여요.	0
친구랑 내기해서 지는 바람에 기분 별로였는데 친구가 사준 돈까스가 너무 바삭해서 금방 기분 좋아졌네요ㅋㅋ	0
분위기 좋아요 연말모임추천해요 구성좋고 룸이라 편해요	1
저렴하게 오마카게를 즐길 수 있어서 학생커플이 기념일에 오기 너무 좋은 것 같아요	0
20번은 넘게 온 집이에요! 온동네 지인들 다 데리고 오는 양식 맛집입니다 오늘도 잘 먹고 가요!	1
식탁 제대로 안 닦아서 고춧가루 그대로 남아있음 행주 냄새도 심하고 위생 최악	0
요즘 번아웃 와서 힘들었는데 정갈한 한 상 차림 받고 나니 나를 아껴주는 느낌이 들어서 좋았어요 맛은 두말하면 입 아프고요	0
사내 동호회 행사 후에 온 갈비집인데 고기 향이 너무 좋아서 다들 젓가락질 멈추느라 고생했네요!!	1
고등학교 선생님 퇴임식 후에 제자들이랑 단체로 식사했는데 룸이 조용해서 옛날 얘기 나누며 조용히 식사하기 참 좋았어요	1
데이트로 알아보다가 들어왔는데 가성비 좋고 맛도 훌륭해요 프라이빗하게 먹을 수 있어서 소개팅이나 데이트장소로 너무 좋을거 같아요	0
동기랑 비교당해서 자존감 스크래치 났는데 여기 매운 갈비찜 먹고 땀 쫙 빼니까 다시 시작할 에너지가 생기네요~	0
조용한 공간에서 맛있는 소금빵을 먹으니 저절로 힐링이 느껴지네요.	0
직원분들 친절하시고 음식도 맛있어요! 분위기 좋아서 중요한 모임이나 데이트할때 자주 가요 오늘은 친구 생일이라 밥 먹으러 왔어요	1
비행 마치고 동료들이랑 단체로 국밥집 달려왔는데 뜨끈한 국물에 피로가 싹 가셔서 다들 대만족하며 퇴근했습니다	1
오픈했을 때 와봤다가 친구들과 재방문 했는데 여전히 안주가 너무 맛있네요 안주 나오고 눈 깜짝할 새에 다 해치웠어요 직원분들도 친절하고 매장 분위기도 넘 좋네요	1
가족들과 맛있는 식사했어요. 친절한 직원분들 덕분에 더 즐거운 시간을 보냈네요. 푸짐한 상차림에 모두가 만족했습니다.	0
진짜 올때마다 감동을 느끼고 갑니다용.. 하루 스트레스 여기다 다 풀고가요 너무 맛있어요... 추천추천 또 추천합니다!	0
사내 밴드부 연습 끝나고 뒷풀이 왔는데 사장님이 악기 둘 자리도 따로 마련해주시고 친절하게 맞아주셔서 단골 예약하고 갑니다	1
동창회 골프 대회 끝나고 단체로 오리 백숙 먹으러 왔는데 산 밑이라 공기도 좋고 고기도 부드러워 보양 제대로 하고 갑니다	1
부서 송년회 장소로 예약하고 방문했는데 고기 질도 훌륭하고 밑반찬도 깔끔해서 상사분들도 칭찬 많이 하셨어요	1
엄청 친절하세요 음식들 가성비도 아주 좋고 맛도 좋아요 친절한 직원분들 덕분에 친구들이랑 좋은 시간 보냈습니다! 안주들 다 맛있었는데 떡튀김이 의외의 강자였습니다 친구들이랑 모임하기도, 데이트나 소개팅 하기도 좋은 장소인 것 같아요. 화장실도 깔꼼합니다 주방 근처에 앉으면 불쇼도 감상할 수 있어요 비가 오는데 저희가 우산이 없어서 문 앞에서 우왕좌왕하니까 우산도 쥐어주셨어요 감사합니다!!!!!!	1
고기가 신선하고, 맛 있습니다!! 배불리 잘 먹고 갑니다	0
혼밥하러 와서 청승맞게 보일까 봐 걱정했는데 직원분들이 너무 친절하게 대해주셔서 대접받는 기분이었어요 우울함이 싹 달아났어요	0
마라톤 완주하고 다리 후들거리는 크루원 30명이랑 고기 보충하러 왔는데 고기 질이 좋아서 먹자마자 근육이 살아나는 기분이었다네요	1
뷴위기도 좋고 맛도 너무 좋아요!!	0
솔직히 무한이래서 기대 안했는데 생각보다 넘 맛있어요! 가격에 꿔바로우랑 가지튀김도 포함인데 요 메뉴들도 진짜 맛있는데요?? 요즘 릴스에 많이 뜨던데, 찐 맛집이네요	0
사장님 손님 응대가 불편해요. 차가운 느낌이에요	0
고등학교 선생님 모시고 동창들이랑 식사했는데 어른 입맛에도 딱 맞고 공간이 분리되어 조용하게 대화 나누기 참 좋았습니다	1
매콤달콤한 양념치킨은 배신하지 않죠 오늘 하루 힘들었던 나에게 주는 포상 같은 맛	0
단체 모임하기 좋고, 옆에 공영주차장이 바로 있어서 주차 하기 좋아요	1
만두 맛있네요, 혼자 가셔도 되고 친구들 모임도 가능하니 추천드립니다.	1
사내 동호회 활동 후에 단체로 갔는데 주차 공간도 넉넉하고 매장이 커서 대인원 이동하기 참 편했습니다	1
그냥 오늘 하루가 씨발 소리 나올 정도로 힘들었는데 퇴근 후 마시는 시원한 생맥주랑 노가리가 제 인생을 살렸네요!!	0
친구들 여럿이서 브런치 먹으러 왔는데 메뉴가 다양해서 각자 취향대로 시켜 먹기 좋고 맛도 훌륭했습니다	1
모임하기 좋은 공간이에요. 음식도 맛있습니다!	1
음식이 너무 맛있고 양도 많아요!!! 사람이 좀 많은 편이라 금욜이랑 주말은 예약하고 오는게 맘 편히 즐길수 있을 거 같아요! 진짜 동료들이랑 맛있게 먹구갑니당!! 붐업	1
믿었던 친구한테 서운한 소리 듣고 밤새 뒤척이다 왔는데 여기서 먹은 보쌈이 너무 부드러워서 마음까지 말랑해졌어요..	0
만두 속이 차갑고 덜 익어서 밀가루 날내가 남 다시 쪄달라고 하니 전자레인지 돌려서 줌 헐	0
한달동안 벌써 세번째 방문입니다. 진정 소울푸드네요. 기쁘거나 힘들때나 희비를 같이하게되는 두보마라탕입니다	0
마라톤 끝나고 단체로 단백질 보충하러 왔는데 고기 질이 너무 좋아서 다들 먹자마자 근육이 살아나는 기분이라며 좋아했습니다	1
오랜만에 모인 사촌 형제들이랑 할머니 댁 근처 고기집 왔는데 사장님이 조카들 용돈 주듯 서비스 챙겨주셔서 고향 정 제대로 느꼈어요ㅋㅋ	1
나를 위한 작은 사치를 부려봤는데 돈이 전혀 아깝지 않네요 우울함을 럭셔리하게 날려버렸어요	0
회사에서 승진하고 싶으시다면 꼭 회식은 여기로 잡으세요 ㅋㅋㅋㅋ 저희 상무님부터 어제 들어온 신입까지 다 너무 좋아하네요. 번창하십쇼	1
동아리 방학 모임으로 온 곳인데 가성비도 좋고 양도 푸짐해서 배고픈 학생들끼리 오기 딱 좋네요	1
제작년에 너무 맛있게 먹어서 친구랑 또 오자고 약속했는데, 이번에 다시 왔어요 다음에는 친구가 와인 산다고 해서 또 올게요 오래오래 있어주세요	1
직장 동료들이랑 퇴근 후 맥주 한잔했는데 안주가 금방 나오고 맛있어서 피로가 싹 가시는 기분이었어요	1
반려견이랑 산책하다 들렀는데 강아지도 예뻐해 주시고 음식도 맛있어서 견주도 강아지도 모두 행복한 시간	0
물에서 물비린내 나서 생수 사 와서 마셨음 기본도 안 된 식당	0
비싼 신발 신고 나왔는데 비 쏟아져서 화가 머리끝까지 났다가 해물파전 보고 사르르 풀렸네요ㅎㅎ	0
손님이 들어왔는데 인사도 없고 쳐다만 보고 멀뚱멀뚱.. 장사할 마음 없으신 듯	0
층간소음으로 싸우던 이웃들이랑 반상회 겸 식사 자리였는데 맛있는 음식 먹으면서 대화하니 오해가 눈 녹듯 사라졌네요	1
오픈형 주방이라 봤는데 요리하면서 계속 기침하고 마스크도 안 씀 위생 관념 제로	0
일단 막회물회 세트라는 거부터 말 다했는데 당연히 맛도 너무 맛있고 시원하게 먹기 너무 좋아요! 재방문인데 친구들 데리고 오니 너무 만족하고 정말 좋네요 술이 술술 너무 추천입니다!!	1
아주 맛있고 또 오고 싶어요!!	0
사장님이 친절하시구 메뉴 구성도 너무 알찬데 플레이팅도 예쁘고 음식들이 다 너무 맛있어요!! 친구랑 오기 너무 좋은곳 빠른시일내에 다음에 또 오고 싶어요	1
회사 야유회 끝나고 들른 닭백숙집인데 국물이 진국이라 다들 몸보신 제대로 했다고 좋아하네요	1
세상 사람들 다 눈까리를 장식으로 달고 다니는지 짜증만 났는데 여기 텐동 튀김 소리에 귀가 정화되는 기분이에요.	0
고향 친구들 서울 놀러 와서 데려간 횟집인데 스끼다시가 끊임없이 나와서 다들 눈 휘둥그레졌네요	1
4차로 간거라 간단하게 먹고 나왔는데 그게 아쉬울 정도로 꼬치 정말 맛있었고 여자 직원분 너무너무너무 친절하셔서 기분 좋게 나왔어요! 건대가면 여긴 무조건 갑니다!!!	1
직장 동료들이랑 야근 후 먹는 삼겹살은 진짜 꿀맛이네요 매장이 넓어서 그런지 쾌적하게 잘 먹었습니다	1
옆 테이블 치우는 거 봤는데 남은 반찬통에 다시 부어버리네 반찬 재사용하는 식당 신고해야 함	0
상사한테 깨지고 홧김에 시켰는데 매운 족발 뜯으면서 씹고 뜯고 맛보고 즐기니 스트레스 타파 완료	0
족타를 하는 곳이라고 해서 지나가다가 우연히 들어왔는데 굉장히 맛있습니다 추천해요	0
이번 연말 부서 회식 장소로 예약했는데 매장이 크고 화려해서 송년회 분위기 제대로 나고 팀원들 사기도 팍팍 올라간 것 같아요	1
가족모임으로 방문했어요. 코스 구성이 좋고 양이 많아서 배부르게 잘 먹었습니다 부모님이 너무 좋아하시네요	0
회식으로 다녀왔는데 분위기도 좋고 음식도 맛있어서 다들 만족해하셨습니다! 파스타가 조금 느끼했다는 의견이 많았는데 생면이라 담백했어요?? 사진 보고 다들 어디냐고 많이 물어봐주셔서 열심히 추천 중 입니다	1
데이트로 좋은 이자카야 요비	0
한 상 차림이 perfect. 다음에도 지인이랑 같이 방문할게용	0
매운걸 좋아하는 맵찔이입니다 쭈꾸미 블루스는 많이 맵지 않고, 맛있게 매콤한 정도라 잘 먹을 수 있었습니다!! 쭈꾸미도 생각보다 크고, 계란도 무료로 리필해주셔서 최고였습니다 마지막으로 치즈볶음밥까지!! 스트레스도 풀리고, 맛있게 잘 먹었습니다	0
너무맛나요 주문도 빠르고요 하오츠	0
해외 봉사 활동 다녀온 멤버들 해산하기 전에 마지막 식사로 온 김치찜 집인데 한국의 맛에 다들 감탄하며 밥 세 그릇씩 비우고 헤어졌어요	1
맛있음!! 시험 끝나고 스트레스 풀때 푸파 굿	0
친구들이랑 2차로 먹기 좋습니다!!! 다음에 또 방문할게용	1
반려동물 동호회 정모라 야외 테라스 빌렸는데 강아지들도 뛰놀고 우리도 고기 구워 먹으니 여기가 천국인가 싶더라고요	1
옆 테이블 치우는 행주로 식탁 쓱 닦고 수저 놓는데 그 행주 냄새가 토할 것 같음	0
3번째 방문!!다른곳 가려했지만 결국 여길 또왔어요..솔직히 너무 맛있고 깨끗한 맛이라서 자꾸 오게되는것 같아요 직원분들 너무 친절하시고 건대오면 무조건 여기 와야해요	1
여기서 고백할라다가 실패하구 2차가서 성공했지만 여기서 대화도 많이해서 질서정연 30퍼 지분 있다봅니다. 감사합니다. 결혼하기전에 또갈게요!	0
인스타 맛집이라고 해서 갔는데 웨이팅 너무 길어서 화났거든요.. 근데 한 입 먹자마자 기다린 시간 다 보상받음ㅋㅋ	0
원래 맛집 소문 듣고 갔는데 여기가 제일이네요 매운맛이 중독성 있어서 한두 입 더 찾게 되는 맛이에요 치즈 추가하면 매운맛이 적당히 중화돼서 더 맛있더라구요 직원분들 친절하셔서 기분 좋았어요	0
첨 와봤는데 분위기 괜찮고 맛있네요	0
빙수 비주얼이 예술이라 먹기 아까웠지만 한 입 먹고 순삭했어요 머리가 띵해질 정도로 시원해서 더위랑 짜증이 싹 가심	0
육회에 소주 마시고 싶어서 방문했어요 시끄럽지 않아서 데이트로 와도 좋을 거 같아요	0
가족끼리 식사하러 왔는데 음식이 신선하고 다양하고 맛있었어요. 새로 나온 메뉴 채끝 스테이크와 랍스터 정말 대만족이에요!	0
첫 방문이었는데 직원분들이 정말 친절하셨어요 세트로 주문하니 음식이 다양하게 나와서 먹는 재미도 있었고, 공간도 아늑해서 전체적인 분위기가 너무 좋았습니다 커플끼리 방문하기에도 딱 좋을 것 같아요! 웨이팅하면 하이볼도 한 잔 무료로 주신다니 완전 강추합니다	0
넓고 깔끔하고 좋아요. 중요한 식사자리나 모임에 좋겠어요.	1
직장 동료들과 회식으로 갔는데 모두 엄지척 해줬어욬 다음 회식 장소도 여기로 정했어요	1
에어컨 필터 청소를 안 했는지 곰팡이 냄새남 밥맛 뚝 떨어짐	0
혼술하기 너무 좋은 곳입니다! 눈치 안보이고 혼술하기 적당하네요 직원분들도 너무 친절하셔서 너무 좋았어요!	1
탈출 실패한 방탈출 동호회 팀원들이랑 허탈하게 들어와서 매운 갈비찜 조졌는데 스트레스 다 풀리고 다음 테마 전략 짜느라 밤새웠네요	1
할머니 팔순 잔치 가족끼리 오붓하게 했는데 룸 컨디션도 쾌적하고 직원분들이 사진도 찍어주셔서 좋은 추억 만들었어요	0
공간이 넓고 플레이리스트도 마음에 들어요!! 친구랑 오기도 좋고 단체모임 하기도 좋을 것 같아요 메뉴도 다양해서 먹고싶은 음식 고르기 좋습니다 자주 오고싶은 공간이네요!!	1
친구들이랑 같이 왔는데 진짜 마시써유 담에 또 올게요	1
칼국수 면이 덜 익어서 밀가루 풋내 남 국물도 맹물이고 최악의 식사였음	0
친구들이랑 여럿이서 브런치 먹으러 왔는데 공간이 예뻐서 사진 찍고 수다 떨기에 최적의 장소입니다	1
회사 부서 대항 체육대회 끝나고 우승 팀이 쏘는 날이라 비싼 장어 먹으러 왔는데 장어가 실해서 패배 팀도 기분 좋게 먹고 갔네요	1
명절에 큰댁 식구들 20명 모여서 왔는데 주차장도 넓고 매장도 커서 대가족 이동하는 데 전혀 불편함 없이 잘 먹고 왔습니다	1
고기질도 좋고 맛도 좋아요! 사람 많은 이유가 있네요	0
사장님이랑 직원분들 너무친절하신거 아니에요? 바쁘신와중에도 친절한 대응에 술이술술 들어가는 분위기랍니다!! 숙성회는 구성도좋고 야키토리는 간이딱..맞아서 진짜 취저 번창하세용	1
연극 공연 끝나고 분장도 못 지운 배우들이랑 뒷풀이 왔는데 가게 분위기가 예술가 아지트 같아서 밤새 술잔 기울이며 행복한 시간 보냈어요	1
사장님이 너무친절해서 8명모임으로 또왔는데 여전히 친절하시고 안주도 맛있네요 너무잘놀다갑니다	1
웨딩 촬영 끝나고 고생한 스태프들이랑 친구들 다 같이 와서 삼겹살 파티했는데 사장님이 신랑 신부 예쁘다고 음료 서비스도 챙겨주셨어요!!	1
리뷰를 너무 늦게 남겨서 죄송해요!!! 단체모임으로 미리 예약하고 갔는데 사장님께서 너무 친절하게 챙겨주셔서 감사했습니다. 룸이 있어서 일행들끼리만 있어서 조용하구 좋았어요. 그리고 직원분들도 계속 오셔서 불 약한지 봐주시고 불이랑 판도 자주 갈아주셔서 너무 편했어요!! 다음에 친구들이랑 또 갈게요	1
만삭인 친구 베이비 샤워 모임 하려고 예약했는데 음식이 자극적이지 않고 매장도 쾌적해서 임산부 친구도 너무 만족해했습니다	1
회사 워크숍 마지막 일정으로 들른 대형 카페인데 빵 종류도 많고 테이블이 길어서 전 직원이 한자리에 모여 커피 마시기 너무 좋았습니다	1
회사 동기들이랑 월급날이라고 크게 한턱 쏘러 왔는데 고기 퀄리티 보고 다들 오늘 잠 못 잘 것 같다며 신나게 먹었네요	1
스트레스 받아서 폭식하고 싶었는데 건강하고 맛있게 배불러서 죄책감이 안 드네요 속도 편하고 기분도 좋고	0
하루 종일 굶다가 첫 끼로 먹었는데 눈물 나게 맛있네요 빈속을 꽉 채워주는 든든함에 서러움이 싹 가셨어요	0
월요병퇴치는 호헌장담에서...?? 개갓튼 월요일...오늘 저녁은 정말 맛있는걸 먹어야겠다 다짐하고 호헌장담으로 혼밥하러 왔어요 바지락술찜... 양도 많고 맛있어요 혼자 먹느라 쫌 힘들긴했는데 그래도 뿌셨어여 아 조금 남긴거 생각납니다 텀블러에 싸올걸 진짜 진짜 ! 누가 자꾸 그릇 밑에서 올려주는 줄 알았자나영 매코오오오홈하고 맛있어요 하이볼 딱 한 잔 하고 싶은 맛인데... 월요일인게 아쉽..?? 대신 시킨 레몬에이드가 상큼하니 얘도 꽤 잘 어울렸어여 추천! 혼술혼밥하기 좋은 가게 같아서 언젠가 혼밥해야지 했는데 그게 오늘! ???? 바 자리가 혼밥하기 정말 좋아여 뭔가 퇴근 후 혼술혼밥하고 집가는 멋진 으른?? 된 기분 다음에는 찐혼술 도전해볼게여...!	0
룸으로 잘 되어 있어서 조용하게 가족끼리 식사하기 좋은 곳! 음식도 깔끔하고 정갈하니 맛있어요 룸 내부도 답답하지 않고 넓고 상견례나 비즈니스 미팅 등 하기 좋은 곳이네요!	0
두번째 방문인데 너무 맛있고 친구들이랑 오기도 너무 좋아요 개인 탕에 자기가 넣고 싶은 거만 넣으니까 너무 편한 것 같아요!	0
평일에도 사람이 많더라구요 하이볼도 맛있고 초밥도 나베도 다 성공적이였어요 담에 또 와서 술한잔 해야겠어요	1
3번 이상 또간집이면 말 다했죠 평소에 회덮밥먹으러 많이 가는데 오늘은 엄청 피곤하고 스트레스 받아서 연어스시먹었는데 진짜 연어 정멀 신선하고 횟감도 길게 해주시는st여서 한피스만 먹어도 입안 가득참. 원래 생연어만 좋아했는데 긴자초밥덕분에 다양한 스시의 맛을 체험하는 중임. 후토마키도 크기 엄청 크고 연어는 최상의 신선함과 식감이라 만족 100. 새우가 도른놈임 다음에는 새우만 2피스 시켜먹어볼까 고민중임. 혼밥장소로도 제격이지만 때로는 지인과의 식사장소로도 적합해서 추천함.	0
주문 누락돼서 30분 기다렸는데 죄송하다는 말 한마디 없이 툭 놓고 감 서비스 마인드 제로	0
하이볼이랑 안주가 다 맛있어요!! 그렇게 시끌벅적 하지도 않아서 모임하기 좋아요!!	1
레트로 감성 뿜뿜하는 인테리어 구경하느라 시간 가는 줄 몰랐어요 맛도 추억의 맛이라 더 좋네요	0
4번째 방문 중, 재오픈하고 처음 왔는데 밑반찬 밸런스가 너무 좋아졌어요 밑반찬 많은거 좋아하는데 짠거,단거,삼삼한거 다 있어서 안물려요 하이볼도 달달하면서 고량주 맛도 나는 딱 기분좋은 하이볼이예요 그리고 감자샐러드에 감자 진짜 큼 너무 좋아요 지금이 가장 맛있는 타이밍 다들 한입하러 오세요 PS. 술먹기 딱 좋은 조명입니댜 회기 유일 감성술집? 분위기 잡으러오세요	0
오랜만에 만난 동창이랑 수다 떨며 먹었는데 음식 맛이 좋아서 대화가 더 즐거웠어요 좋은 사람과 좋은 음식은 최고의 힐링이죠	0
거래처에서 갑질 당하고 서러워서 울컥했는데 퇴근하고 먹은 삼겹살이 너무 고소해서 기분이 다시 좋아졌어요.	0
맛있어요음식도 금방금방 채워지고 좋아요	0
추석에 일하고 너무 힘들어서 맥주한잔 하고싶어서 들어왔는데 너무너무 맛있게 혼술하구 가요!!! 고기 대박... 와사비 표고와사비 꼭 추가해서 드세요??????	0
안질긴 막창집이라고 해서 찾아 왔는데 진짜 안 질기고 냄새도 안나고 너무 맛있어요! 평일 오후 6시 전에 왔더니 대기 없이 바로 들어왔어요 엄청 친절하시구 막창집 찾고 계시면 왕추천합니당	1
주변에 예의 없는 새끼들뿐이라 혈압 올라 죽을 뻔했는데 고소한 콩국수 국물에 정신이 맑아졌네요.	0
동네 봉사 활동 끝나고 회원들이랑 따뜻한 국밥 한 그릇 하러 왔는데 사장님이 고생한다고 머릿고기 서비스도 주셔서 감동했어요	1
데이트하기에 좋은 건대술집입니다. 소개팅으로도 좋을 것 같아서 추천해요!	0
수제 버거 패티 육즙이 미쳤어요 한 입 베어 물면 미국 다녀온 기분 맛있는 거 먹으니 세상이 아름다워 보여요	0
회사 인턴 동기들 정규직 전환 축하 파티 하러 왔는데 매장이 힙해서 사진 찍기 좋고 음식도 다 맛있어서 다들 인스타에 자랑하느라 바빴어요	1
가족 모임 장소로 골랐는데 룸이 따로 있어서 우리끼리 오붓하게 얘기 나누며 식사하기 딱이었어요	1
오랜만에 대학교 동창들이랑 모였는데 안주가 너무 맛있어서 술이 술술 들어갔어요 단체석도 편하고 분위기 좋아서 시간 가는 줄 몰랐네요	1
사장님 진짜 친절하십니다! 주점인데 올 때마다 식사마냥 먹고 가요 생먁주도 맛있고 하이볼도 진짜 맛있어요!!! 경기도 사는데 여기 오려고 건대까지 왔어요	1
냅킨 좀 달라고 하니까 툭 던지고 가심.. 서비스 마인드가 왜 이런지 모르겠음	0
동호회 회원들이랑 운동 끝나고 들렀는데 매장도 깔끔하고 테이블 붙여주셔서 대인원인데도 불편함 없이 잘 먹고 갑니다	1
막회 맛집이라고해서 왔는데 맛있고 직원분들도 친절하시고 좋아용 모임했는데 좋아서 또 오고싶어요!	1
옆 테이블 치우면서 음식물 찌꺼기를 바닥으로 털어버리네 위생 관념이 조선시대 수준임	0
파스타 면이 덜 익어서 딱딱한데 알단테라고 우기시네요 밀가루 풋내 나서 못 먹겠음	0
한줄평 감동적인 맛의 우동집.. 우와 완전 최애 우동집 찾았어요! 저희 커플은 우동을 좋아해서 분당에 있는 우동 맛집까지 찾아갔는데 이제 거기까지 안가고 여기로 와요! 우선 온우동, 냉우동, 튀김까지 도쿄에서 너무 좋았던 맛집을 갔을때 느낀 정도의 맛이고, 사실 저희는 소식좌라 적게 먹지만 맛있는건 많이? 먹는데.. 맛있는데 양도 많아서 좋아요! 그리고 개인적으로는 우동면 두께가 너무 두껍지 않아 소화하기 편해서 좋았어요. 지난 번에 브레이크타임 애매할때 왔는데 받아주셔서 먹었는데 감동이어서 또 찾아왔습니다.. 오래오래 이 자리를 지켜주셨으면 좋겠습니디??	0
옆집 강아지가 하루 종일 짖어서 예민했는데 달달한 하이볼 한 잔 마시니까 마음이 너그러워졌습니다~	0
가게 안에 흐르는 음악 선곡이 너무 좋아서 플레이리스트 훔치고 싶었어요 감성 충전 맛집	0
산악회 시산제 지내고 우르르 내려와서 먹은 닭볶음탕인데 사장님이 인심 좋게 감자랑 고기를 산더미처럼 쌓아주셔서 감동했네요ㅋㅋ	1
주문한 물건 한 달째 안 와서 고객센터랑 싸우고 진 빠졌는데 뜨끈한 샤브샤브 먹으니까 몸이 노곤노곤하니 풀리네요.	0
오랫만에 양식먹으러 왔는데 정말 잘온거 같아요 양도 푸짐하고 넘넘 맛있어요!!	0
동창회 하러 15명 예약하고 갔는데 자리 배치도 딱 맞게 해주시고 안주도 빨리 나와서 흐름 안 끊기고 좋았습니다	1
마음이 너무 힘들어서 포장해서 혼자 먹으려다가 사장님께 부탁드려서 홀에서 먹었어요.... 혼술인데도 따뜻하게 맞이해주셔서 마음이 너무 풀립니다 감사해요 사장님..... 따뜻한 맞이에 맛있는 닭발까지 ...힘내보겠습니다 감사합니다 새로 다래 모르고있었는데 사장님이 알려주셔서 첨 먹어봤어요 센스쟁이번창하세요	0
스테이크 파스타 둘다 맛있습니당	0
친구들끼리 친목 모임으로 자양동 양꼬치 집왔는데 정말 맛있거 냄새도 하나도 안납니다 사장님도 너무 친절하세용 추천합니다	1
퇴근길에 맡은 빵 냄새에 홀린 듯 들어왔는데 갓 구운 빵의 온기가 지친 하루를 감싸주네요	0
추천하지 않습니다. 인테리어 및 분위기는 상견례를 하기에 나쁘지 않은 정도지만 맛이 너무 기대이하였네요. 7만원 코스를 이용했는데 솔직히 잘 쳐줘야 2~3만원 정도의 퀄리티였습니다. 양가 부모님들께서 다 음식이 별로였다고 하셔서 제 마음도 편치가 않았네요..  이런 집이 왜 이리 추천리뷰가 많은지.. 이하는 제 뇌피셜이지만, 한 가지 발견한 것이 있어요  최근리뷰 잘 보시면 카드리뷰는 전부 비추천이고, 영수증 리뷰는 추천의견입니다. 이상하지 않으세요?  카드사용내역은 만들기 까다롭죠. 카드사에 수수료가 나가니까요, 영수증은 그렇지 않죠. 업체에서 임의로 발급해도 되니까요. 임의 발급인지 진짜 이용 손님인지 네이버에서 걸러내기 힘들겠죠.  즉, 여기 영수증 리뷰는 조작되었을 가능성이 있다는 겁니다.	0
단체 모임하기에도 편하고 자리 간격도 괜찮았어요 사이드도 중간중간 집어먹기 좋았고 맛도 괜찮아서 만족스러웠음 다음엔 더 큰 인원 데려오려구요	1
레트로 감성 뿜뿜하는 인테리어 덕분에 시간 여행한 기분 맛도 추억의 맛이라 힐링 제대로 하고 갑니다	0
건대 술집 존맛집 자주 찾아오는 곳인데 올때마다 안주 맛있어서 놀라요 잘먹고 갑니다아	1
맛있게 잘 먹었어요!! 매장 분위기도 좋고 주말에는 예약하셔야해요! 예약안해도 운좋으면 10분15분 웨이팅으로 이용가능합니다 하이볼도 맛있었어요!	1
매장 안이 너무 시끄러워서 시장통인 줄 대화가 불가능할 정도라 빨리 먹고 도망치듯 나옴	0
고등학교 친구들이랑 오랜만에 모였는데 예전 단골집 같은 편안한 분위기라 시간 가는 줄 모르고 떠들었네요	1
너무 잘 놀고 가요	1
남편이랑 데이트 하러 나왔다가 지나가는 길에 맛있어보여서 들어갔는데 맛집이네요!! 직접 뽑는 면이라 그런지 쫄깃하고 맛있어요!	0
맛있네요 아이스초코 1잔 Tyrion이라는 음료 1잔 마셨습니다.어린이대공원 데이트하고 나와서 마시면 딱 좋겠네요	0
기분 안 좋을 땐 역시 탄수화물 폭탄이 정답이죠 라면 사리 추가해서 바닥까지 긁어먹고 배 두드리며 나갑니다	0
이번에 과 대표 선거 끝나고 고생한 동기들이랑 술 한잔했는데 안주 종류가 다양해서 다들 취향껏 즐기며 놀았습니다	1
퇴근길에 번개로 한두 명 모이다가 어느새 팀 전체가 다 모였는데 자리 금방 만들어주셔서 덕분에 즐거운 금요일 보냈습니다	1
완전 맛나고 친구랑 오기도 좋아용	1
고기가 너무 맛있고 모임하기에 넓고 좋아요.	1
곱창 전골에 곱창은 없고 양파랑 대파만 한가득임 이 가격에 야채국을 파는 건지 사기당한 기분	0
잡내가 하나도 안나서 부담없이 맛있게 먹을 수 있었어요!! 친절하신 직원분들 덕분에 기분도 좋았고 가성비도 좋아서 앞으로 단골이 될 생각이에요	0
불금인데 약속도 없고 집가기 아쉬워서 혼자 다찌석 앉아서 혼술했어요! 사장님 왕친절하시고 서비스로 주신 꼬치도 너무 맛있게 먹었어요 건대 혼술집 찾으면 여기입니다!!! 내돈내산이고 평일에 또 혼술땡길때 오려구용 사장님 적게 일하시고 돈 마니 버세용 음식도 존맛 저거 해물짬뽕탕? 추천 드려융	1
여기 강추!!! 분위기도 최고고! 넘 좋아욥!	0
딸애랑 조카 여동생 넷이서 너무 맛있게 먹었어요.담에도 이용할께요	0
원래 맛집으로 소문나서 기대하고 왔는데 기대 이상으로 맛있었어요 양념이랑 콩나물 조합이 잘 맞아서 계속 손이 갔고 볶음밥도 끝내줍니다 ??	0
친구들 모임으로 왔는데 맛최고 신선최고에요 꼭 건대오면 들리세용!!!	1
사장님이랑 직원분들 다 친절하시고 음식 전부 맛있고 너무 좋았어요 코스요리도 깔끔하게 잘 나와서 중요한 모임있을때 방문하려구요 번창하세요	1
웨이팅 너무 길어서 짜증 머리끝까지 났는데 한 입 먹자마자 사장님한테 절할 뻔했어요.	0
거리두기 끝나고 처음으로 30명 넘게 모인 대규모 회식이었는데 공간이 워낙 넓어서 복잡하지 않게 잘 즐기고 갑니다	1
침구랑 간만에 건대 나와서 규카츠 먹었는데 너무너무 맛도리 집 발견 !! 잘먹고갑니다!	1
이번에 조별 과제 1등 한 우리 팀원들이랑 고기 파티 왔는데 사장님이 고생했다고 음료수 서비스 주셔서 다들 감동받았습니다	1
주말마다 모이는 자전거 동호회 라이딩 끝나고 들렀는데 자전거 거치할 공간도 넉넉하고 시원한 초계국수가 피로를 싹 씻어줬습니다	1
건대 이자카야 1등 찐찐찐찐 맛집!! 건대 하루 예약으로만 40번이 넘을정도로 찐 단골입니다! 일본여행가서 먹던 음식들보다 맛있고 사장님,직원분들 너무너무너무 친절하셔서 찾아갈때마다 기분좋게 먹고와요! 항상 친절하게 맞이해주셔서 감사드려용	1
직장 동료들이랑 가볍게 커피 한 잔 마시러 들렀는데 대형 테이블이 있어서 팀 회의하기에도 좋았습니다	1
넘맛있고 고기도 신선하고 반찬도 깨끗해요 적극추천해요	0
이자카야 오마카세 요비!!! 완전 메뉴 굿입니다 오랫만에 데이트 하는데 진짜 짱이에요 완전 친절하구 다 커튼 쳐져있어서 조용하니 넘 좋네요!!	0
너무너무 오랜만에 먹는 오트로움..! 여전히 그릭요거트로는 최최애집이에요, 너무 바쁘고 기력이 없었는데 오늘은 안 먹고는 못 배기겠어서 픽업 주문 했습니다! 맘모스 그릭 트로피컬,플러스로움 이후로 최최애 맛이에요!달달 꾸덕 좋아하시면 당장 드셔보시길..팥이랑 사과청이 너무 잘 어울리고 최고에요.. 힘들고 피곤해도 사러간 보람이 있는 맛입니다..??	0
조용한 분위기에서 혼자 사색하며 먹기 좋아요 복잡한 마음 정리하고 싶을 때 추천하는 곳입니다	0
진짜 너무 맛있어요 스트레스 풀기 딱좋은데 매운거 못먹는 찡찡이는 데려오지마세요	0
대학교 과 모임으로 30명 정도 모였는데 자리 세팅도 완벽하고 사장님 센스가 좋으셔서 즐겁게 놀다 갑니다..	1
대학교 과 모임으로 방문했는데 단체석 예약도 잘 받아주시고 음식도 금방 나와서 기다림 없이 잘 먹었습니다	1
노래가 너무 좋아요. 자주 올게용!!	1
비 오는 날 창가에 앉아 커피 마시는데 분위기가 다 했네요 우울했던 기분이 센치한 감성으로 바뀌는 마법	0
맛있어요친절하시고 분위기 좋아용 담에 또 올게용!!	1
화장실 냄새가 홀까지 퍼져서 밥 먹는 내내 비위 상했음 청소 좀 자주 하세요	0
맛있게 매운맛…... 스트레스가 확 풀리니까 다음에 또 빡쳐있으면 또 올게요 ㅋㅋㅋㅋㅋ	0
여기 절대 가지 마세요 1시 이전까지는 카페라떼 5000원이라고 써있어서 주문했는데 6000원이 결제된거에요 그래서 바로 이거 왜 6천원이 결제됬냐고 하니까 아 평일에만 적용되는 가격이라서 그렇다 하더니 제가 그 써있는 종이를 읽어보니까 주말도 된다고 써있는거에요 그래서 다시 여쭤보니까 옆에서 다른 사장이 나오더니 죄송하다고 다시 제결제 해드리겠다 이러는데 원래 저 응대했던 사장은 똥씹은 표정이고 진짜 절대 다시는 안갑니다 수고하세요 그딴식으로 장사하지 마세요 ^^	0
양이 혜자에요 양꼬치도 맛잇고 마라탕 양이 둘이먹어도 엄청 남아요	0
다이어트 정체기라 너무 스트레스였는데 오늘 먹은 브런치 플레이팅이 너무 예뻐서 사진 찍다가 기분 다 풀림ㅠㅠ	0
너무 맛있어서 다 비웠어요!!! 마초쉐프 최고	0
이번에 자격증 합격한 스터디원들 축하 파티 하러 왔는데 사장님이 화력 조절도 잘 해주시고 다들 배불리 대접받는 기분이었어요	1
부서 간에 오해 풀려고 마련한 자리였는데 고기가 워낙 맛있으니까 다들 먹으면서 자연스럽게 화해하고 형 동생 하며 나갔습니다	1
꽤 늦은 시간에 왔다고 생각했는데 화이트롤이 있어서 너무 행복합니다!!!! 맨날 얼그레이 도전해야지 다짐은 하는데 화이트롤이 있으면 그냥 끌려가게되는.. 너무 맛있어요	1
맛도 좋고 지인들과 편하게 술한잔하기 좋은 장소 이구만요!!! 재미난 시간 보내고 가요!	1
동기모임으로 고기먹으러 왔는데 순두부찌개 서비스에 고기까지 너무 맛있었어요고기도 구워주셔서 편하게 먹을수있었습니당!	1
고등학교 동창회 20주년이라 크게 모였는데 사장님이 현수막 걸 공간도 내주시고 서빙도 빨라서 파티 분위기 제대로 냈습니다	1
제가 아는 집 중에 우동이 가장 맛싰고 튀김도 맛있어요. 아이도 좋아해서 가족 모두 좋아하는 집입니다	0
다이어트 중이라 예민함 폭발이었는데 오늘 치팅데이로 먹은 곱창볶음 덕분에 광명 찾고 다시 힘내기로 했어요..	0
친구랑 너무 즐겁게 놀았어오	1
은퇴하시는 선생님 모시고 제자들이 다 같이 모인 자리였는데 코스 요리가 정갈해서 다들 대접받는 기분이라고 칭찬 일색이었습니다	1
가성비를 생각하면 정말 좋은 선택인 것 같아요. 이 정도 재료의 다양성과 양을 이 가격대에서 즐길 수 있다니요. 음료와 아이스크림까지 포함하면 말할 것도 없고요.	0
그냥 이유 없이 눈물 나는 날이었는데 달콤한 마카롱이 입에 들어오니 저절로 미소가 지어지네요 당 충전의 힘은 대단해요	0
반려견이랑 같이 갈 수 있어서 너무 좋았어요 우울한 집사 위로해 주는 건 역시 우리 강아지와 맛있는 음식뿐이네요	0
늘 맛있게 먹고 부모님도 좋아하십니다!!! 연말 파티에 좋은 장소입니다 즐거운 25년 보내세욥	0
TF팀 프로젝트 무사히 마치고 다 같이 스테이크 썰러 왔는데 룸 컨디션이 너무 좋아서 우리끼리 고생했다며 자축하기 딱이었어요	1
젓가락 숟가락에 고춧가루랑 기름때가 그대로 있어요 수저통 관리 안 하시나요	0
매번 갈때마다 직원이 친절하고 야채가 정말 신선해요 후식으로 와플이 끝내주네요	0
회사 회식으로 고기 구워 먹으러 왔는데 환기 시스템이 잘 되어 있어서 옷에 냄새도 덜 배고 쾌적하게 잘 먹었습니다	1
가족 친척들 다 모여서 팔순 잔치 겸 식사했는데 어른들도 좋아하시는 메뉴가 많아서 남녀노소 즐거운 시간 보냈습니다	1
고등학교 친구들이랑 오랜만에 얼굴 봐서 좋았는데 맛있는 안주까지 곁들이니까 추억 얘기가 끊이지 않았던 행복한 밤이었습니다	1
직장 동료들이랑 점심시간에 쌀국수 먹으러 왔는데 양도 많고 회전율이 빨라서 단체로 와도 금방 먹네요	1
김치에서 쉰내 나고 곰팡이 핀 거 같아서 말했더니 원래 묵은지라고 우김 누가 봐도 상한 건데	0
여행온 김에 분위기 좋은 술집 찾아 오게 됐어요 너무 맛있고 직원분도 친절해서 넘 좋아요	1
회덮밥 회가 갈변해서 흐물흐물한데 신선도 최악임 배탈 날까 봐 걱정되네	0
족발에서 한약재 냄새가 너무 심해서 고기 맛이 안 느껴짐 잡내를 향으로 덮으려 한 듯	0
처음 방문했는데 건대 후문 카공 카페로 제일 좋은 것 같아요 !! 베이커리 가격도 너무 합리적이고 2층 좌석이 넓고 콘센트도 배치되어 있어 더할 나위없다고 생각합니다 ! 친구들이랑 또 방문하고 싶어요 !	1
여기 짱 맛있습니다 분위기도 조용해서 데이트하기 딱 좋은 장소에요! 그리고 회도 다양하게 주셔서 행복한 데이트 했어요	0
친구 생일 파티 하러 왔는데 제가 더 신났네요 맛있는 음식과 좋은 사람들 덕분에 우울할 틈 없이 웃다 갑니다	0
출근하자마자 업무 폭탄 맞아서 정신없고 짜증 났는데 점심에 먹은 육회비빔밥이 너무 신선해서 마음이 정화됐습니다.	0
음식 하나하나에 정성이 가득해서 대충 먹는 한 끼가 아니라 작품을 먹는 기분이에요 지친 하루 끝에 만난 선물 같아요	0
친구들이랑 모임하러 방문하게 되었습니다. 고구마 피자도 맛있고, 마초 토마토 파스타도 맛있었습니다! 석류 에이드도 새콤달콤해서 맛낫습니다! 재방문할 의사 짱많았던 곳입니당 친구들이랑 모임하러 또 올 거 같아요!	1
친구들이 경희대 근처 갈꺼면 도래집 꼭 가라고 해서 친구들 불러서 도래집 놀러왔습니다!! 도래집은 첨 먹어봤는데 넘 맛있네요?? 회기 근처에서 곱창 먹으실거면 추천드립니다!! 회기 맛집으로 추가해놓으시고 한번 와보세요 하이볼도 하이퀄리티 느낌이에용	1
새로 오픈했다해서 다녀왔는데 건대술집 중에 진짜 음식이 비쥬얼도 맛도 젤 좋았던 곳이에요!!! 종종 퇴근길에 들려서 술한잔하고가면될듯	1
여기 음식도 다 맛있고 하이볼도 다 맛있어용 두번째 방문인데 앞으로 자주 올께욤	1
조별 과제 나 혼자 다 하는 기분이라 속 터지기 일보 직전이었는데 매콤한 낙지볶음 먹고 스트레스 확 날렸어요!!	0
과제 제출 직전에 파일 오류 나서 울고 싶었는데 뜨거운 아메리카노 한 잔에 정신 바짝 차리고 다시 해냈습니다.	0
오늘 친구랑오랜만에 만나서 막창이 먹고싶다해서 막창집에방문했어요! 다른막창집은 막창전문점이 아니라 곱창막창 같이 파는곳이었는데 막창전문점이라 들렀는데 너무 맛있고 직원분들이 너무친절해서 좋았어요 ! 꼭 건대에서 약속있으면 방문하시면 좋을 것같아요!	1
고등학교 동창회 장소로 잡았는데 예전 생각나고 음식 맛도 여전해서 친구들이랑 옛날 얘기하며 즐겁게 보냈습니다	1
오늘 어떤 여자가 진상 부리고 감 카페에서 냄새나는 외부음식 먹고 있어서 직원이 와서 외부음식 불가라고 했는데 열 받았는지 카운터에 가서 목청 크게 뭐라 따짐 ㅡㅡ  근데 여기 서비스 별로네. 특히 남자분 일하기 싫은 모습  오래간만에 방문했는데 남자사장이 없어서 그런지 .. 오늘은 직원도 손님도 별로	0
데이트 선대술집 이자카야 오랫만에 신랑이랑 영화보러 나온김에 건대에서 데이트했는데 너무 좋았어요. 대화하기도 좋고 오마카세 시켰는데 가성비도 좋구. 넘나 좋았어요. 좋은시간을 만들어준 곳. 이 리뷰를 본다면 많은 사람들이 갔으면 좋겠습니다.	0
음식과 하이볼 둘 다 맛있어요 분위기도 좋아서 조용조용 차분한 시간 보낼 수 있었던것 같애요	1
비 오는 날 따뜻한 국수는 진리죠 후루룩 넘어가는 면발에 우울함도 같이 넘겨버렸어요	0
냉면 너무맜있어요 !!최고 옛날 먹던 그맛이에요 !!!	0
안주들도 너무 맛있고 분위기와 인테리어도 좋아여 !!! 다음에 모임 있으면 또 올꺼 같아요 직원분들도 친절해요	1
동아리원끼리 밥먹으러 왔어요 메뉴 다양해서 식성 다양한 사람끼리 모여도 좋을 것 같고요 일단 분위기 좋아서 대화하면서 먹기 좋고요 식기 깨끗하고 쾌적해요 이거 민감하게 생각하는 사람인데 좋았습니다!	1
니가 사람새끼면 나한테 이럴 수 없는데 열받은 마음 여기 뜨끈한 칼국수 국물로 뜨겁게 지져버렸어요.	0
이번에 밴드 경연대회 끝나고 악기 가방 든 채로 20명 넘게 들어갔는데 공간이 여유로워서 뒷풀이 장소로 정말 딱이었어요	1
연인과 함께 오기에 분위기도 좋고 음식도 맛있었어요. 만족스럽네요	0
토요일에 친구랑 방문했는데 맛도 좋고 양도 많아서 너무 만족스럽게 잘 먹었어요!!	1
매장도 깔끔하고 좌석도 넉넉해서 회식 장소로 추천드려요 음식이 따뜻하게 서빙되어서 끝까지 맛있게 먹을 수 있었고 직원분들 미소가 인상적이었어요	1
음식이 빨리 나와서 모임에 딱이었어요 매장도 넓고 테이블 간격도 쾌적해서 단체회식하기 좋습니다 직원분들 친절하셔서 예약부터 식사까지 편하게 했어요	1
인터넷 쇼핑몰 상담원 연결 안 돼서 화가 머리끝까지 났는데 갓 튀긴 탕수육 먹고 화가 눈 녹듯 사라졌어요ㅋㅋ	0
친구들과 점심모임으로 방문하였는데, 여전히 맛있네요 음식도 호불호없이 먹을 수 있고, 맛도 좋고 분위기가 좋아서 이대 올 때면 찾게 되네요!	1
안주가 다양하고 1차, 2차로도 다 너무 좋은 것 같아요! 안주들이 다 맛있고 실내가 넓어서 단체로 오기에도 좋을 것 같아요	1
갑작스럽게 들어오게 되었는데 너무 힐링이고 정말 해독제처럼 제 스트레스를 다 해소해주는거같아요 앞으로 혼술하러 와도될거같아요 감사합니다	0
맛있어유!!! 또 올게요	0
닭튀김누룽지탕 맛있어용 매장이 커서 단체 모임하기 좋을 거 같아요 잘 먹고 갑니당	1
유기견 봉사활동 동호회 뒤풀이로 온 국밥집인데 국물이 진국이라 몸에 쌓인 피로가 싹 풀리고 다들 든든하게 먹고 헤어졌네요	1
퇴근 후 지친 몸을 이끌고 태양곱창 방문! 얼큰한 돼지곱창전골에 소주 한잔하니 피로가 싹 가십니다. 잡내 없는 쫄깃한 곱창과 깊은 국물 맛이 정말 환상적이에요. 스트레스 해소에 최고입니다.	0
은퇴하시는 교수님 모시고 제자들이 다 모인 자리였는데 분위기가 차분하고 고급스러워서 격식 있는 모임 하기 너무 좋았습니다	1
주말에 약속 펑크 나서 우울했는데 오히려 혼자 와서 여유롭게 즐기니 더 좋네요 전화위복이란 이런 것	0
여행 못 가서 우울했는데 현지 느낌 물씬 나는 맛 덕분에 잠시나마 해외여행 다녀온 기분이에요	0
층간소음 때문에 며칠째 잠 설쳐서 예민 보스였는데 맛있는 초밥 먹고 나니까 마음이 좀 너그러워졌어요ㅋㅋ 진짜 맛있음!!	0
분위기도 너무 좋고 친구랑 대화하기 좋아요	1
오랜만에 친구들 만나서 밥 먹었는데 우연히 지나가다가 들려서 먹었는데 맛있었습니다 다음에도 또 올 수 있을 것 같아요. 얌얌 쩝쩝 먹을 분들 추천 드립니다.	1
컴 꺼져서 작업물 다 날아가고 진짜 다 부수고 싶었는데 얼큰한 짬뽕 국물 마시고 이성 되찾았습니다.	0
너무너무맛있는솔방울!!! 몇번째재방문인지모르겠을정도로 계속오고싶은..!! 친구들만나서맛잇는거먹고싶을때 항상생각나는곳입니다 주변에소개해줄때마다 잘왔다는소리듣고가요 잘먹었습니다	1
회사 이사하고 고생한 직원들 격려 회식으로 왔는데 고기 퀄리티가 너무 좋아서 이사 피로가 싹 가신다며 다들 좋아하셨어요	1
맛있게 잘먹었습니다 아이랑 오기 좋아요	0
모임 때 자주 가는 곳입니다 즐겁고 맛있었습니다 굳굳	1
조용하게 시작한 독서 모임이었는데 안주가 너무 맛있어서 나중에는 다들 책 덮고 안주 찬양하는 토론만 3시간 했네요!!	1
생일을 맞아 가족 모임을 이곳에서 했는데, 음식이 너무나 맛있었습니다. 다섯살 아이부터 중장년층의 어른까지 모두 만족하는 맛이었어요. 스테이크의 굽기도 좋았고, 특히나 피자가 맛있었어요! 뉴욕이랑 서울 피자 추천합니다.	0
동호회 정기 산행 후에 먹는 오리 주물럭은 진짜 예술이네요 양도 많고 볶음밥까지 완벽했습니다	1
밥 먹는데 파리가 계속 날아다녀서 쫓느라 정신없었음 위생 관리를 어떻게 하는 건지	0
가까워서 어쩔 수 없이 자주 들리지만 도시락 나오는 속도가 진짜 매번 느립니다 그리고 카운터에 여사장님의 고객응대가 아주 별로구요 그리고 오늘은 이 시국에 마스크 내리고 응대 및 일을 하시네요 10분 이상을요 더 이상 못 오겠습니다 수고하세요	0
프로젝트 반려돼서 멘붕 오고 다 때려치우고 싶었는데 매운 짬뽕 국물에 스트레스 다 쏟아붓고 왔습니다!!	0
돈가스 튀김옷이랑 고기랑 다 분리되고 눅눅함 바삭한 맛에 먹는 건데 눅눅한 기름 맛만 남	0
편안하게 술한잔 생각날때 들르는 이자카야 하루 혼술 자주하다가 요번엔 동생하고 갔는데 직원분들이 친절하게 대해주셔서 편안하게 한잔하고 왔어요 팁 주말에는 미리 방문예약하고 가야 웨이팅없이 바로 입장할수있다는	1
맛있다는 소문이 있어서 친구들과 왔습니다. 친구들과 양꼬치에 술한잔, 친절한 직원, 맛난양꼬치 잘먹겠습니다.	1
혼밥하기에도 부담없고 사장님이 챙겨주셔서 기분 좋았어요 우동사리 추가하니 양도 푸짐하고 술안주로도 굿 매콤한 맛이 스트레스 풀어줘요	0
아주대점 빕스 로 저녁 먹으러 갔어요 너무 신나게 먹었어요 오랜만에 만나는좋은 친구들과 함께	1
건대오면 항상 가는 술집이에요	1
화장실 청소하다가 물 다 뒤집어써서 찝찝했는데 갓 튀긴 탕수육 먹으니 세상만사 다 괜찮아지더라고요.	0
주차권 준다고 해서 갔는데 주말엔 안 된다고 말 바꿈 주차비만 만 원 나옴 ㅡㅡ	0
쌀국수 숙주가 시들시들하고 색깔도 변해있음 신선한 재료 쓰는 거 맞나요 믿음이 안 감	0
이름처럼 이자카야 느낌나요 분위기 너무 좋네용 히히 친구랑 남자친구랑 좋은 시간 보내다 갑니다 안주 퀄리티도 좋고 술이랑 다 잘 어울리는것들만 있어 좋았어요!! 다음에 또 올게요	1
가게 분위기가 넓고 쾌적해서 단체로 방문하기 좋았어요. 음식 양도 푸짐하고 맛이 깔끔해서 다들 만족했습니다. 직원분들도 친절하게 응대해 주셔서 편안하게 식사할 수 있었습니다. 다음에 또 모임 자리로 방문하고 싶네요.	1
맛있어요가성비 좋습니다!!	0
꾸덕한 그릭 요거트에 과일 토핑 듬뿍 얹어 먹으니 천국이네요 건강한 간식으로 우울함 극복	0
다양한 음식과 맛있는 소스! 또 오고 싶어요 직원도 친절해오	0
가족 외식으로 온 오리백숙집인데 매장이 넓어서 아이들 데리고 와도 눈치 안 보이고 편하게 잘 먹었습니다	1
오늘따라 신발 끈 자꾸 풀려서 신경질 났는데 시원한 수박 주스 한 잔에 불쾌지수가 제로가 되었습니다.	0
직원들끼리 홀 구석에서 떠들고 노느라 손님이 불러도 못 들은 척함 근무 태도 불량	0
저녁 7시 반쯤 갔더니 들어가자마자 빨리 먹고 나갈 거냐는 듯이 물어보시고 밥에는 뭐가 묻어 있더라고요 그리고 밥 한창 먹고 있는데 상도 치우시고 진짜 불쾌했습니다	0
맛있게 먹었어요 친구랑 왔는데 너무 좋대요. 다시 방문하겠습니당.	1
중요한 사람들이랑 만날 때마다 무조건 여기로 와요 느낌도 너무 좋고 음식도 맛있어서 완전 만족입니다	1
옆집 소음 때문에 층간소음 복수하고 싶을 정도로 화났는데 싱싱한 회 한 점에 마음이 차분해지네요.	0
스테이크 굽기 웰던으로 했는데 핏물 뚝뚝 떨어짐 다시 구워달라니까 겉만 태워서 줌	0
오랜만에 친구들과 저녁자리였는데 너무 맛있네요! 완전 강추입니다! 사장님이 친절해요 음식이 맛있고 짱짱!	1
창가 쪽에 먼지가 수북하게 쌓여있음 청소를 언제 한 건지 모를 정도로 더러움	0
친구들하고 방문했는데 분위기 너어무 좋고 나중에 데이트하러도 오고 싶어요 안주도 다 맛있고 직원분들도 친절해서 더 좋았어요	1
다같이 왔는데 너무 좋네요	1
커피 수혈이 시급했는데 진한 에스프레소 한 잔에 정신이 번쩍 드네요 카페인 충전하고 다시 힘내봅니다	0
친구들이랑 소스 조합 연구하다가 시간 순삭 개인 취향대로 만들어 먹는 재미가 커서 대화도 더 즐거웠어요 소모임 추천해요	1
부모님 금혼식이라 친척들 다 모시고 왔는데 매장이 크고 깔끔해서 행사 진행하는 데 전혀 불편함 없이 잘 마무리했습니다!!	1
영화 소모임에서 좀비 분장한 채로 다 같이 들이닥쳤는데 사장님이 당황하지 않고 룸으로 따로 안내해주셔서 편하게 고기 구워 먹었어요	1
동호회 정기 모임이라 20명 정도 모였는데 공간이 넉넉해서 다른 손님들 눈치 안 보고 즐겁게 식사하고 왔습니다	1
친구랑 같이 우연히 들어왔는데 너무 분위기 좋고 맛있네요 추천합니다	1
고기 지방도 너무 많지 않고 맛있었어요! 룸도 잘되어 있어 회식이나 모임장소로 완전 추천	1
회식 장소로 여기만한 데가 없네요 고기도 다 구워주셔서 팀원들이랑 대화에만 집중할 수 있었어요	1
여행 못 가서 우울했는데 이국적인 향신료 냄새 맡으니 비행기 탄 기분이에요 미각으로 떠나는 세계 여행	0
그냥 오늘 하루가 ㅈ같아서 죽고 싶었는데 따뜻한 곰탕 국물에 마음이 몽글몽글해졌습니다!!	0
낚시 동호회에서 잡은 물고기 회 떠오라고 사장님이랑 미리 얘기하고 갔는데 세팅비도 저렴하고 매운탕 맛이 예술이라 다들 대만족했어요	1
분위기도 좋고 약간 들뜬 분위기에서 대화하면서 술 먹기 좋아요 단체석 예약도 가능해서 좋네용	1
두 가지 비교하니 취향 찾는 재미가 있더라구요 불향과 깊은 육수 풍미가 입에서 춤추는 느낌 가격 대비 만족도가 높아서 추천합니다	0
여름에 모기한테 10군데 넘게 뜯겨서 빡쳤는데 시원한 냉면 육수 들이키니까 가려운 것도 잠시 잊었습니다.	0
아침부터 비염 심해서 코 막히고 짜증 났는데 얼큰한 육개장 한 그릇 먹고 나니 코가 뻥 뚫리고 기분도 좋아졌어요.	0
매장도 쾌적하고 너무 맛있게 잘 먹었습니다!!	0
안주맛집 분위기맛집 하이볼맛집 화장실 깨끗하고 직원분들 친철하구 최고예용	1
맛있어요 모임장소로 애용합니다	1
리뷰 이벤트 서비스 준다더니 재료 없다고 퉁침 줄 거 없으면 음료수라도 줘야지 사기당한 기분	0
1. 삼선짜장 면이 못먹을정도로 뿔어있음. 삼선짜장인데 새끼 새우2개 오징어 다져진거 몇개있음. 2.탕수육 저게 25000원짜리임. 소스 싱거운 야채죽같음. 고기냄새남. 가위로도 잘안잘릴정도로 질김. 튀김 눅눅함.  제발 이글보고 잘생각하세요.	0
파스타랑 누룽지탕 너무 맛있어요 자주 단체로 방문할 것 같습니당!!	1
식전 빵이 돌덩이처럼 딱딱해서 이 나갈 뻔함 데워주지도 않고 며칠 지난 빵 내놓는 듯 성의가 없음	0
퇴근길 차 막혀서 갑자기 모인 직장 동료 번개 모임이었는데 안주가 너무 맛있어서 결국 대리 불러서 집에 갔네요!!	1
오소리베이커리로 바뀌고 나서는 처음인데 분위기도 너무 좋고 연말느낌나서 힐링하고 가요 짚앞에 이런 카페가 있어서 넘 좋아요	1
혼자 먹어도 전혀 어색하지 않은 분위기라 편하게 즐겼어요 프로 혼밥러의 성지가 될 것 같네요	0
몸이 아파서 서러웠는데 죽보다 더 부드럽고 속 편한 음식 덕분에 기운 차렸어요 엄마가 해준 밥처럼 따뜻함이 느껴져서 울컥했네요	0
친구들이랑 한잔 하려고 간 곳인데 육회랑 타다키도 팔길래 같이 먹었어요 안주들이 고급지고 맛 퀄리티도 좋아서 술 한잔만 하려고 했는데 계속 마셨네요	1
팀 프로젝트 끝나고 다 같이 고생했다고 온 곳인데 고기 질이 정말 좋아서 다들 감탄하며 먹었습니다 담에도 여기서 회식하자고 하네요	1
신기한 기차 로봇 서빙 시스템부터 매력적이었습니다. 하지만 그것만 좋은 게 아니라 재료의 신선함과 다양성도 정말 우수했어요. 이 정도 퀄리티면 자주 와도 질리지 않을 것 같습니다.	0
가족 모임하기 좋은 곳이에요 코스별로 요리가 나오고 재료도 신선하고 맛있어서 상견례하기에 좋을것 같아요	0
주말 농장 동호회에서 수확한 채소 들고 와서 같이 고기 구워 먹어도 되냐고 여쭤봤는데 흔쾌히 허락해주셔서 사장님 인심에 감동했습니다	1
남자친구랑 방문했는데, 생각보다 진짜 음식도 많고 화려해서 데이트하기 좋아요!	0
바삭한 튀김 옷 씹는 소리가 경쾌해서 스트레스가 부서지는 것 같아요 귀르가즘 제대로 느끼고 갑니다	0
와 제가 원하던 막회스타일이라 여자친구 데리고 방문했는데 맛까지 제가 원하던 딱 새콤하고 간도 딱맞고 정말 맛있는 맛이였어요!!! 사장님도 먹는방법까지 친절하게 잘 안내주셨고 나갈때까지 친절하셔서 감동받았습니당 식사용으로나 술안주용으로 다 강추드려요!!! 꼭오세요!! 재방문의사 무조건있습니당	0
여자친구와 600일 기념 데이트로 방문했는데 음식도 금방 나오고 직원분들도 친절해요! 음식 퀄리티도 너무 좋고 맛도 좋고.. 데이트 잘 하고 갑니다!	0
음식이 맛있고 분위기가 아늑해서 조용히 술먹기 좋은곳 친구와 조용히 먹는 장소로 적극 추천해요	1
사랑하는 가게. . 친구들 다 데리고 오려구 약속잡을때마다 여기로 가자고 하고있어요	1
여기 훠궈도 맛있는데 삼겹살이랑 닭고기도 같이 구워먹을 수 있더라고. 김치까지 올려서 구우니까 완전 한국 스타일이야. 국물 우려내면서 고기 굽고 이것저것 찍어먹으니까 진짜 든든하네. 한 자리에서 이렇게 다양하게 먹을 수 있어서 좋았어.	0
안주도 맛있고 매장이 넓어서 자리가 많더라구요 친구랑 수다떨기 좋아요!	1
크으.. 군자 하루점은 많이 가봤는데 건대입구역에 하루가 있는줄 모른 내 자신 멍청하다... 하루오면 진짜 안주가 너무 맛있어서 술이 술술 넘어가요 조만간 아니 다음주에 또 올 예정 건대 이자카야중 최고니 꼬옥 다들 오시길.. 쩝쩝박사	1
유명하다길래 웨이팅 1시간 하고 들어갔는데 이 정도 기다려서 먹을 맛은 절대 아님 거품 심하네요	0
지나가다 보고 들어왔는데 들어오는 입구 찾기는 어려웠는데 너무 맛있고 정말 친절해요 양도 가격에 비해 좋고 술이 그냥 술술 들어갑니다. 정말 좋아요!	1
주차할 곳 없어서 골목길 뱅뱅 돌다가 폭발하기 일보 직전이었는데 여기 커리 향기 맡자마자 무장해제 됐어요.	0
친구랑 같이 분위기 있게 술 한 잔 하려고 왔어요! 후토마키 맛집이구 스키야끼도 맛났네용 건대 올거면 또 올 것 같아요	1
조용하고 분위기도 좋고 음식도 아주 밋있어요! 갈릭 필라프 왕추천합니다	0
가족 외식으로 다녀왔는데 정말 만족스러웠어요. 넓고 깔끔한 매장이라 아이와 함께 편하게 식사했습니다. 가지튀김이랑 냉면도 다 맛있어서 또 오고 싶네요!	0
이번에 회사 동아리 전시회 끝나고 왔는데 갤러리 같은 세련된 인테리어에 와인 안주들이 너무 잘 어울려서 다들 감탄했네요	1
조용하고 분위기도 정말 좋아요 사장님 께서도 정말 친절하셔서 다녀올 때마다 기분 좋아지는 곳입니다.. 좋아하는 친구들이랑 조용하게 식사하고 싶을때마다 찾는 곳이에요 앞으로도 장사 오래오래 해주세요 립스틱 까먹고 두고갔는데 가져다주셔서 감사드려요.. 추운날씨 반팔차림으로 뛰어와주셔서 너무 감동받았어요.. 자주 갈게요 !!	1
다시 온 웨스트 사이드 도너츠 집!! 너무 맛있고 분위기도 좋아서 친구들끼리 와서 간단히 요기하기 너무 좋아용!! 담에도 또 재방문 할께요	1
분위기 음식 가격 전반적으로 모든게 좋앗어요 저녁시간대에 맞춰서 방문했는데 사람이 쫌 있었지만 시끄럽지않고 혼술 먹기 되게 좋아요!! 꼬치는 2차전인거 안비밀	1
너무 맛있어요 이가격에 무한리필 혜자아닌교!!	0
4년째 찾아오는 하루 친구 생일기념으로 데려왔는데 좋아하는것 같아서 제가 다 뿌듯해요. 앞으로도 자주올게요	1
고기 놀랐어요 먹덧하느라 고기 잘 안먹었는데 입덧이 끝났는지 잡내도 안나고 바삭한게 너무 맛있네요 다음에 또 올께요	0
해외 지사로 발령 나는 동료 송별회 하러 왔는데 한국의 매운맛 제대로 보여준다며 시킨 찜닭이 너무 맛있어서 다들 눈물 콧물 쏟았어요	1
오늘따라 사람들 눈까리가 장식인가 싶게 부딪히고 가는데 시원한 에이드 한 잔에 화 가라앉혔네요.	0
청첩장 모임이라 어른 셋, 아이 둘이 갔는데 식당이 넓어서 좋았고, 음식도 맛있었습니다 사진에는 없지만 삼겹살도 먹었는데 맛있었습니다 추천합니다	1
빵과 커피가 모두 맛있어요 3층 건물이어서 자리도 많고 편하게 대화하거나 작업하기도 좋고 데이트하기 좋아요. 인테리어 좋으면서 커피랑 빵 다 맛있네요	0
모임 회식으로 갔는데 고기 질이 너무 좋아서 다들 만족했어요!!! 너무 맛있게 잘 먹었습니다	1
맛집 매장이 넓고 쾌적해서 모임, 데이트하실 때 추천드려요!	0
전국 맛집 탐방 동호회 최종 목적지로 고른 곳인데 입맛 까다로운 미식가들도 전부 고개 끄덕이며 인정한 진짜 맛집이네요	1
너무 맛있어서 친구 데리고 왔어요 또 옭용	1
신기한곳이라 와봤어요. 재밌게 먹고 갑니다	1
대형견 키우는 견주 동모회 정모라 야외 테라스 넓은 곳 찾았는데 강아지들도 신나고 우리도 고기 구워 먹으며 즐거운 시간 보냈네요~	1
친구들과 같이 먹고 너무 맛있어서 아이들과 같이 가서 먹었어요. 맵지 않고 잘 먹었습니다. 지중해풍 건강식이고 아이들도 정말 잘먹었습니나. 두번째 방문인데 이대 근처에 가면 강추합니다.	1
친구 생일 겸 건대 방문햇어요 조용한데 분위기 좋네요 음식도 맛잇어요! 냠냠	1
중고거래 하러 갔는데 잠수 타서 진짜 ㅈ같았는데 근처 짬뽕집 국물이 예술이라 참았습니다.	0
친구랑 맛있게 먹었어요일하시는분들이 적극적이고 친절해요	1
근처에 놀러왔다가 간술하러 왔는데 맛있었어요	1
덮밥 소스가 너무 짜서 밥 추가했는데 돈 받음 애초에 간을 잘 맞추던가	0
남자친구 생일이라 레터링 케이크 주문했는데 디자인도 예쁘고 맛까지 있어서 완벽한 서프라이즈 성공했습니다 ㅎㅎ	0
친구들이랑 브런치 모임 하려고 왔는데 매장이 넓어서 유모차 가지고 온 친구도 편하게 이용했습니다	1
단체 모임 장소 찾다가 왔는데 매장이 넓고 깔끔해서 좋았어요. 양꼬치 고기 질이 정말 좋고 양도 푸짐합니다. 친절한 응대 덕분에 기분 좋게 식사하고 갑니다.	1
처음 방문했는데 회도 맛있고 직원분도 친절하시고 모임장소로 좋네요! 잘먹고갑니다	1
동창회 총무 맡아서 장소 걱정했는데 다들 음식 맛있다고 난리라 이번 모임은 성공적으로 마무리했습니다	1
좋은 가격에 여러가지 맛볼 수 있는 굴정식 존맛 굴밥이 너무 맛있었어용 희희 사람 진짜 많고 음식 나오는데 30분 걸렸지만 다음에 또 가고싶어용!	0
스트레스 받는 날엔, 유난히 더 생각나는 최고의 힐링코스입니다.. 103 유기농생딸기생크림 추천드립니다	0
빵 굽는 냄새가 너무 향긋해서 홀린 듯 들어왔어요 갓 구운 빵 찢어 먹는 행복에 하루의 피로가 녹네요	0
늘 저의 혼술타임을 책임져주시는 하루 건대점, 숙성사시미는 정말 늘 신선하고, 야키토리는,말해뭐해요 일단 드셔보세요! 근처 살면서 1년넘게 거의 집밥처럼 먹고있습니다!!! 퇴근하고 혼자 쓰윽와서도 친구랑 같이 와서도 언제나 햄복한 시간갖고 돌아가는 저의 최애 이자카야입니닷	1
맛있어요 고기 질이 좋고 매운 맛으로 스트레스 쫙 풀었습니다! 볶음밥까지 마무리까지 아주 좋았어요! 경성대 대연동 맛집 인정 땅땅!!	0
오늘따라 손님들 갑질 심해서 화장실 가서 울고 싶었는데 이 집 쌀국수 국물 들이키고 다시 힘내서 일합니다 화이팅~	0
친구들이랑 2차로 먹기 좋습니다!!! 다음에 또 방문할게용??????	1
매운맛 조절 된다더니 제일 순한 맛 시켰는데도 속 쓰려서 죽는 줄 알았습니다 기준이 뭔가요	0
마음이 따뜻해지는 맛이에요 잘먹었습니다	0
아 씨발 진짜 인생 왜 이러나 싶었는데 여기 크레페 하나 먹고 달달함에 취해서 다시 웃으면서 집에 가네요.	0
구성이 정말 좋아요 가볍게 술 한잔 하려왔는데 진짜 만족하고 갑니다	1
음식이 1시간 만에 나왔는데 죄송하다는 말도 없고 원래 늦는다고 핑계만 댐	0
너무 친절하시고 너무너무 마싯네요 다음에 꼭 단체로 재방문 할래요	1
택배가 일주일째 안 와서 고객센터랑 싸우고 지쳤는데 매콤한 비빔냉면 먹고 속이 다 시원해지는 경험을 했네요.	0
월요병 치유는 여기서 하는 게 국룰이죠 맛있는 거 먹는 낙으로 일주일 버팁니다 직장인들의 찐 힐링 스팟	0
연어가 너무 맛있고 너무 시끄럽지 않아서 친구들과 함께 이야기하면서 술 마시기 너무 편했어용 인테리어도 독특하고 가게가 너무 예뻐요!! 직원들 너무 친절하셔서 편하게 잘 먹구 가용	1
직원 부르려고 벨을 수십 번 눌러도 대답만 하고 절대 안 옴 결국 주방 앞까지 가서 주문함 이게 말이 됨?	0
맛, 서비스, 위생 뭐 하나 만족스러운 게 없습니다 별 한 개도 아까운 곳	0
회식겸 방문하였습니다. 우선 처음나왔을때 비주얼이 좋습니다. 그리고 신성하고 맛있었습니다. 생일인분이 계셨는대 식당안 손님들이 모두 다같이 생일축하노래를 불러주셔서 감사했습니다	1
아주 기냥 발짝한상 최고 닭발이 아주 내 스퇀일이예요 매콤 스트레스 빵빵 풀려요	0
바다 보면서 회 한 점 먹으니까 가슴이 탁 트이네요 답답했던 속이 뻥 뚫리고 신선한 맛에 반해서 술이 술술 들어갑니다	0
밥이랑 카레랑 무료 추가되서 좋아요 카레가 빡빡하게 진한 편이고 , 불닭매운맛 진짜 혓바닥이 따가운데 머리띵하게 매워서 스트레스가 풀리네요 그냥 신라면 매운맛 정도로 먹는걸로 튀김이 토핑으로 올라가는데 새우도 머리째튀겨져있고 바삭하고 카레랑 잘어울려요!!	0
동네 주민 자치 위원회 끝나고 단체로 들렀는데 음식이 정갈하고 서빙이 빨라서 어르신들 모시고 오기에도 전혀 손색없었네요	1
주말 농장 멤버들이랑 수확한 채소 들고 와서 고기랑 같이 먹었는데 사장님이 쌈장도 새로 담근 거 주셔서 시골 인심 제대로 느꼈습니다	1
할아버지 팔순 잔치 겸 온 가족 모여서 오리 백숙 먹었는데 고기가 야들야들해서 어르신들도 아이들도 다들 맛있게 드셨네요	1
피자 미쳤어요 . 맥주도 왤케 맛있는지 수요일 저녁 최고의 선택이였습니다 사장님 자주올게요 메뉴 하나씩 도장깨기 하려구요 남자친구랑 왔는데 데이트 코스로 딱입니다욧 . 여름에 시원하게 맥주랑 피자 자주 먹으러올게요 매장도 합해서 죠아요 힛	1
친구모임으로 예약후 방문했는데 음식두 다양하게 많이 있어서 만족하게 잘다녀왔습니다 음식들이 조금 단맛이 많이 나는데 조금만 덜달게하면 더좋은 식당으로 인기짱일것같아요 그래두 매장이 깨끗하구 직원분들이 친절하셔서 좋은 시간 보내구 왔습니다 모임장소로 짱이예요 대박나세용	1
한옥 개조한 식당이라 고즈넉한 분위기가 너무 좋아요 차분하게 식사하며 마음의 평화를 얻고 갑니다	0
너무 맛있네요! 양도 많고 다음에 또 빙문하고 싶어요	0
분위기도 좋고 음식도 넘 맛있어요 !!! 친구들이 많이 오길래 와봤는데 오길 잘한것 같아요 담에 또 올게요 !!!	1
가격대비 너무 만족이에요	0
서빙하시는 분 머리카락이 음식에 닿을락 말락 묶고 일하셨으면 좋겠네요	0
익명 오픈채팅방 정모로 처음 얼굴 보는 자리였는데 매장이 넓고 분위기가 편안해서 서먹함 없이 금방 친해졌습니다	1
아이와 함께 가족식사로 이용했구, 남녀노소 다들 좋아하는 공간이될거같아요!	0
다 뒤져뒤져 소리 나오던 멘탈이었는데 여기 정갈한 쌀국수 한 그릇에 제가 다시 사람이 된 기분입니다.	0
친구들이랑 술 한잔 하려구 방문했어요!?? 치킨가라아게는 튀김옷이 바삭한데 안은 촉촉해서 맛있었어요!!!??????한우곱도리탕은 국물이 칼칼하면서 곱창 고소한 맛이 올라와서 밥도 술도 다 땡기는 맛?? 전체적으로 분위기도 편하고 안주 맛도 좋아서 다음에 또 자주 방문 할 것 같아요!??????앗 그리고 알바생분들 다 너뮤 예쁘시고 잘생기셨어요??????	1
음식도 너무 맛있고 사장님도 너무 친절하고 인테리어도 너무 이쁘고 대화하기 좋은 술집이에요! 자주 와야겠다	1
자리마다 커튼으로 분리되어있어서 소개팅이나 데이트 하기 좋을 것 같아요	0
분위기가 좋아요 ! 직원분도 엄청 친절하셔서 너무 좋습니다 장소 조금 작아서 걱정했는데 오히려 분위기 더 좋게 느껴졌어요 1차로 오기에도 적당하고 친구랑 대화 나누기에도 좋은 분위기라서 다음에도 또 오고싶어요	1
숙성회 너무 맛있고 분위기도 너무 좋아요 직원분도 너무 친절하셔서 기분좋게 술먹고 갑니다 건대에서 회 드시면 여기 추천이에요! 굿굿	1
친구들이랑 자주오는데 올때마다 맛있어요 건대에서 물회는 여깁니다	1
오랜만에 와이프랑 단둘이 데이트하러 나왔는데 연애 때로 돌아간 기분이었어요! 파스타 간도 딱 맞고 와인 추천도 센스 굿👍	0
퇴사하는 선배 청첩장 모임으로 왔는데 분위기 좋은 창가 자리에서 와인 한 잔 하니까 서운함보다 축하하는 마음이 더 커지는 밤이었어요	1
단체모임으로 갔는데 음식도 너무 맛나고 서비스도 좋고 가성비도 너무 좋았습니다. 추천합니다	1
생일기념 건대에서 술 마시려고 찾아보다가 질서정연이 생각나서 예약했는데 너무 좋았어용 안주는 .. 사진을 찍지 못해 없지만 한 5개 시켜서 먹었는데 전부 다 맛있었어요!!! 생일 머리띠랑 챙겨주셔서 사진 야무지게 찍고 갑니당 갑자기 병뚜껑으로 이거 만들었다며 주셔서 넘 기엽고 재밌었습니다! 또오깨용	1
퇴근하고 곱도리탕 먹으러 경대 신상술집 찾아왔서용 곱도리탕에 대창이랑 차돌, 어묵, 닭고기까지 들어가있어서 푸짐한데 얼큰달콤한 국물이 최고더라구요 거기에 대패김치구이까지 더하니 자극적이라 맥주가 술술 들어가요 학생들 모임하기에 딱 좋은곳이예요!!	1
회사 근처라 자주 오는데 매장이 넓어서 그런지 부서 전체가 다 와도 여유 있게 앉을 수 있어서 회식 장소로 제격이에요	1
축구 동호회 회원들이랑 운동 끝나고 단체로 들렀는데 사장님이 양을 진짜 어마어마하게 주셔서 배 터지게 먹었네요	1
매운맛 1단계 시켰는데 캡사이신을 얼마나 넣었는지 속 쓰려 죽는 줄 매운맛 조절 실패	0
몸이 물 먹은 솜처럼 무거웠는데 뜨끈한 국밥 한 그릇 먹고 나니 정신이 번쩍 드네요 한국인은 역시 밥심입니다	0
오랜만에 친구만나서 예약하고 왔습니다 직장이 근처인데 처음와보네요 매장도 넓고 음식도 잘나오고 맛있게잘먹었습니다. 종종 이용해야겠어요!	1
대기없이 바로 들어와서 먹었규요 처음 방문했는데 친절하시구 매장도 넓어서 좋았어요 스테이크 시켰는데 불쇼도 할줄 몰랐는데 먹기전부터 재밌게 기다렸습니다!	1
데이트로 왔는데 야시장 느낌이 색다르고 로맨틱했어요 인스타 감성 사진 찍기 좋아요 음식도 하나하나 맛있어서 기분 좋게 마셨어요 다음엔 친구들이랑도 오려구요	0
이번 프로젝트 무사히 마친 기념으로 팀원들이랑 킹크랩 조지러 왔는데 매장이 크고 화려해서 보상받는 기분 제대로 냈네요	1
음식 양이 너무 적어서 누구 코에 붙이라는 건지.. 1인분이 아니라 0.5인분인 듯	0
다양한소스와 신선한야채 양껏먹고갑니다	0
처음 와봤는데 디저트가 맛있고 커피랑도 잘 어울려서 곁들여서 같이 먹기 좋았습니다 또 공간이 넓어서 쾌적하고 분위기도 좋아서 여러 명끼리 와도 부족함없이 편안하게 즐길 수 있었습니다	1
솔직히 셀프 소스바가 정말 재밌더라고요. 추천 소스 다섯 가지로 나만의 조합 만들어서 훠궈랑 먹으니까 맛이 완전 달라져요. 매번 다른 맛으로 즐길 수 있어서 좋네요.	0
회사 회식 장소로 여기만한 곳이 없네요 공간이 넓어서 그런지 대인원 모여도 답답하지 않고 좋습니다	1
취미로 시작한 가죽공예 모임 결과물 전시하고 뒤풀이 왔는데 조명이 예뻐서 작품 사진도 잘 나오고 안주 맛도 예술이네요	1
친구들이랑 오랜만에 모였는데 건대 연막창 맛있다고 해서 바로 왔는데 미쳤습니다. 	1
분위기가 대화하기 좋고 하이볼이 다양하게 맛있어요 데이트 하기 좋은 곳으로 추천해요	0
퇴근하고 집 가는데 배고파서 손 떨리고 짜증 났는데 집 앞에서 산 만두가 너무 육즙 가득이라 행복 지수 풀 충전!!	0
신선한 재료의 맛. 맛있게 잘 먹었습니다!	0
안주가 맛있고 분위기가 좋아서 대화하기 좋아요 다음에 또올게요	1
새로 오픈했다고해서 직장동료랑 방문했는데 진짜 맛있게 잘먹었습니다 다음에 또올게용 종업원들이 되게 재밌고 유쾌상쾌합니다	1
전역하는 동생 축하해주러 군대 동기들 10명이 모였는데 고기 질이 워낙 좋아서 다들 사회의 맛이라며 감탄하며 먹었습니다	1
영화 보고 방문했는데 음십도 맛있고 장소도 쾌적하네요	0
친구들이랑 연말 모임 장소로 골랐는데 분위기도 아늑하고 와인 리스트도 다양해서 분위기 내기 최고였어요	1
대학 동기들이랑 오랜만에 모였는데 안주가 너무 맛있어서 1차에서 끝낼 걸 3차까지 가게 만드는 마성의 맛집이네요	1
목감기로 힘들어해서 참치 죽 먹는데 좋으네요	0
서울낙업 건대맛집 매달 꼭 오는 술집이에요. 안주가 맛있어서 기절입니다 다음에도 또 올게요 사장님	1
개인 팟에서 내 취향대로 먹을 수 있다는 게 정말 좋네요. 기차 로봇이 음식을 직접 날라주는 시스템도 신기하고, 무엇보다 재료가 신선해서 계속 뜨거운 국물에 담가 먹는 맛이 살아있었어요. 여러 번 가도 질리지 않는 곳이에요.	0
양 많고 맛있어요!! 가게도 넓고 편안한 분위기라 한 끼 식사하기 좋습니다	0
수영 동호회 아침 운동 끝나고 단체로 브런치 먹으러 왔는데 매장이 넓어서 습한 기운 없이 쾌적하게 맛있는 커피랑 샌드위치 즐겼습니다	1
진짜 존맛. 주방장이 인도분이셔서 그런지 커리가진짜 존존존존존맛. 흑석일대 커리맛집 무족헌 커리야 추천메뉴는 버터난 비프커리!!! 같이 먹으면 극락. 시험, 과제, 취업 스트레스 다 날릴 정도의 존맛.	0
매장도 넓고 친구하고 방문하기 좋아요!	1
3인가족 모듬 회한판 시켰는데 신선하고 양도 적지않아 흡족한 식사 했어요. 재방문 의사 100프로 입니다	0
이전 직장 동료들과 함께 방문했습니다.  세트메뉴는 오늘도 모두 만족! 소맥과 함께 정말 쭉쭉 넘어가는 너무나 맛있는 메뉴들!! 예전에 리뷰 이벤트 안해주신 것도 사장님께서 기억하시고 딱딱 챙겨주셔서 감사했습니다. 담에 또 가겠습니다	1
동호회 회원들이랑 운동 끝나고 먹는 국밥은 진짜 진리네요 매장이 커서 단체로 우르르 가도 괜찮아요	1
회식으로 왔는데 정말 맛있었습니다!!	1
직장 동료들이랑 비 오는 날 파전에 막걸리 하러 왔는데 매장 분위기가 아늑해서 술맛이 절로 났습니다	1
분위기가 대화나누기 좋고 음식 종류도 다양하면서 맛있었어요 가격대는 있어도 그만한 가치가 있는거 같아요 모임장소로 추천해요!!	1
튀김이 바삭바삭하고 면도 엄청 쫄깃해요. 광교 최고 우동집입니다!! 데이트로 강추합니다!??????????????????	0
매장 입구에서 담배 냄새가 계속 들어와서 비흡연자는 괴로움 문이라도 닫고 피우시던가	0
이번에 승진한 과장님이 쏘시는 날이라 비싼 장어 먹으러 왔는데 장어가 너무 실해서 다들 사기 충전 제대로 하고 돌아갑니다	1
진짜 ㅈ버러지 같은 상황 때문에 눈 뒤집힐 뻔했는데 이 집 탕수육이 제 이성을 찾아줬습니다.	0
자꾸 헛소리하는 전남친 때문에 기분 잡쳤는데 매운 닭발 조지면서 기억에서 지워버렸습니다.	0
매장이 넓고 커서 먹는데 편하고 고기도 신선하고 직원분이 친절하시고 여러모로 모두 만족스러웠습니다 2번째 재방문했는데 또 모임있으면 계속 이쪽으로 하려구요 정말 좋았습니다	1
오픈런 해서 먹었는데 부지런 떨기를 잘했네요 남들보다 먼저 맛있는 거 먹는 승리감에 우울함은 안드로메다로	0
아파트 부녀회 정기 모임으로 왔는데 사장님이 친절하시고 매장도 깔끔해서 다들 다음에 가족들이랑 또 온다고 명함 챙겨갔어요	1
여자친구랑 1주년 기념으로 다녀왔는데 맛은 기본이고 분위기가 너무 좋았습니다. 감사합니다	0
하루 종일 굶고 일하다가 예민함 끝판왕이었는데 여기 제육볶음 양 보고 감동받아서 짜증이 눈 녹듯 사라졌어요.	0
새해 맞이 건강 모임 하러 온 브런치 카페인데 재료가 신선하고 건강한 맛이라 다들 만족하며 기분 좋게 시작하고 가요	1
가게 깨끗하고, 안주도 정갈하게 잘 나오고 친구들이랑 도란도란 이야기하기 너무 좋았어요 세트 시켰는데 안주도 자꾸 나와서 추가 없이 이야기 하기 좋았네요 추천합니다 ????	1
고기가 부드럽고, 불맛이 가득 배어 있어 매번 먹을 때마다 만족스러워요. 양꼬치의 양념도 적당히 간이 맞아서 너무 짜지 않고, 고기의 풍미를 잘 살리고 있답니다. 가격 대비 퀄리티도 좋고, 직원들도 친절해 기분 좋게 식사를 마칠 수 있는 곳이에요.	0
진짜 사장님도 너무 친절하시고 모든 음식이 너무 맛있어요!! 여기와서 소주 10병 먹었습니다.앞으로 여기만 올것같아요!!	1
술생각날때 자주들르는곳인데 직원분들이 항상 친절하게 맞이해주시고 분위기도 좋아요	1
브로우슈랑 소금빵 가지고 비건 피크닉파티했는데 1등으로 반응이 좋았어요. 친구들이 너무 맛있대요!! 크림이 진짜 넘 달지도 않고 부드럽고 맛있어요. 체고,??	1
친구들과 왔는데 넘 맛있너뇨 양도많구요	1
쌀국수 육수가 미지근해서 숙주가 하나도 안 익어요 뜨끈한 맛에 먹는 건데 실망	0
고등학교 동창 청첩장 모임으로 왔는데 안주 구성이 알차서 입맛 다른 친구들도 다들 만족하며 맛있게 먹고 갔네요	1
우리 집 꼬맹이가 여기 짜장면 아니면 안 먹어서 또 왔어요 ㅋㅋ 탕수육도 찹쌀이라 쫀득해서 온 가족 외식 장소로 딱임!	0
동호회 정기 모임 장소로 골랐는데 사장님이 서비스도 챙겨주시고 정이 넘치셔서 앞으로 여기서만 모이기로 했어요	1
아침부터 발가락 문턱에 찧어서 진짜 눈물 나게 화났는데 시원한 살얼음 냉면 한 사발 들이키니까 고통이 좀 잊혀지네요.	0
제철 음식 먹으니 계절의 변화가 실감 나네요 신선한 재료 본연의 맛에 몸이 건강해지는 기분	0
음식도 빨리 나와서 배고플 때 최고였어요 양념이 깊고 쭈꾸미가 탱탱해서 진짜 맛있습니다 단체회식하기 좋은 넓은 좌석에 서비스도 친절했어요 ??	1
칼칼한 국물이 땡겨서 왔는데 속이 확 풀리는 맛이에요 꽉 막혀 있던 속도 뻥 뚫리는 기분	0
회사 근처에 이런 맛집이 있다는 게 유일한 복지입니다 점심시간의 행복 덕분에 오후 업무도 버텨봅니다	0
친구들과 정말 맛있게 먹구 왔어요 묵직하지 않고 가볍게! 그리고 신선하고 맛있게 먹고 왔습니당! 다음에 또 재방문	1
맵기 조절해서 먹었더니 딱 맞았어요 콩나물과 깻잎 셀프바 덕에 원하는 조합으로 즐길 수 있었어요 다음엔 친구들 데려와서 또 먹을거예요	1
개인냄비라는 게 위생적이라고 생각해요. 여럿이 한 냄비를 쓸 때보다 훨씬 마음이 놓이네요. 국물도 내가 원하는 맛으로 조절할 수 있고, 재료도 신선한 상태로 즐길 수 있어서 좋았습니다.	0
가성비도좋고 사장님도 친절합니다. 데이트 장소 및 2차로도 좋습니다!	0
단체로 왔는데 넓고 맛있었어요!!	1
맛있고 깔끔하고 넓고 좋았어요 친구모임하기에 분위기 좋아요	1
동아리 엠티 끝나고 돌아오는 길에 들른 국밥집인데 국물이 깔끔해서 해장도 제대로 되고 든든하네요	1
회전 레일로 계속 새로운 재료가 돌아다녀서 정말 신기했어요. 직접 가져올 필요 없이 앉아서 원하는 야채랑 고기를 골라먹을 수 있어서 편리하고 선택할 수 있는 종류도 엄청 많더라고요.	0
엄마랑 데이트하러 왔는데 엄마가 소녀처럼 좋아하셔서 뿌듯해요 맛있는 거 사드릴 수 있어서 행복합니다	0
동네 밴드 연습 끝나고 드럼이랑 기타 멘 채로 단체로 왔는데 사장님이 구석 넓은 자리 내주셔서 편하게 고기 구워 먹고 갑니다!!	1
분위기 있는 곳에서 한잔하고싶어 갔는데 하이볼이랑 안주가 너무 맛있어서 잔뜩 먹었네요! 다음이 또 올게요!	1
저는 요즘 모든 모임을 여기서하고 있어요.콜키지차지 없어서 위스키 가볍게 한잔먹고. 사케도 먹고 안주 진짜 맛있어요!! 그리고 좋은점은 여자화장실이 넘 깨끗하고 가게 내부에 있어서 안전하답니다!!!	1
음식도 맛있고 분위기도 좋아요 데이트 장소로 추천!!	0
모임하기가 진짜 좋아요!!! 예약하면 전광판 파티도 됩니다	1
진짜 니가 사람새끼면 그럴 수 없는데 열받은 마음 여기 닭볶음탕으로 달래고 갑니다.	0
곱창에 소주 한 잔 기울이며 인생 이야기하다 보니 시간이 순삭이네요 맛있는 안주가 최고의 대화 상대	0
청모로 초대받아갔는데 양도 많고 맛도 좋고 단체로 모이기 너무 좋게 룸도 잘 되어있어여!! 서비스도 좋고 단체모임장소로 추천드려요!	1
동호회 사람들끼리 시합 끝나고 고기 먹으러 왔는데 화력이 좋아서 고기도 금방 익고 대화 흐름도 안 끊겨서 좋았습니다	1
친구랑 일 끝나고 스트레스 풀겸 한 잔 하려고 들렸는데 분위기도 포장마차 분위기라서 엄청 좋았고 안주도 다 너무 맛있었어요!! 직원분들도 너무너무 친절하셔서 기분좋게 놀다 왔어요!	0
공간도 너무 예쁘고 안주도 맛있고 주류도 다양하고 직원분들도 친절하시고 가격이 진짜 미쳤습니다 건대 가성비 술집 찾으신다면 질서정연 가세요 너무 맛있게 잘 먹었습니다! 조만간 또 방문하겠습니다!!	1
배달도 해보긴 했는데 매장에 와서 먹으니 확실히 더 맛있어요 철판에서 나는 불향과 양념의 조화가 좋았고 볶음밥까지 깔끔하게 마무리하니 만족도가 확 올라갔습니다 다음에 단체로 또 오려구요	1
숨이 헉헉 거릴정도로 무더위가 기승을 부릴때 반전의 묘미로 생각나는 음식이 있네요 바로 현이네고기국수 시원한 매장에서 땀 흘리며 고기국수 먹고나면 새로운 힘이 솟네요 조만간 또 방문 하려구요	0
여기 진짜 찐 디저트 맛집이에요! 완젼 강추!!! 메뉴 고르기가 어려워서 종류별로 이것저것 다 구매해봤는데, 진짜 정말 다 맛있어서 넘 감동이에요 특히 까눌레랑 휘낭시에 쵝오.. 맛난 달달구리들 먹고 회사에서 받았던 스트레스들 싹 다 날라갔어요 아 그리고 여기 밀크티 진심 제 인생 최애 밀크티 등극이에요.. 진짜 한 모금 마실때마다 감탄이 자동으로 나오다능 집 근처였으면 진심 맨날 사서 마셨을 것 같아요 밀크티 좋아하시는 분은 꼭! 꼭!! 드셔보시길!!! 번창하세요	0
사내 동호회에서 야구 직관하고 근처 치킨집 왔는데 대형 스크린으로 하이라이트 같이 보니까 응원 열기가 식지 않고 즐거웠네요	1
독서 모임 회원들이랑 조용하게 차 마시려고 들렀는데 테이블도 넓고 분위기가 차분해서 대화하기 안성맞춤입니다	1
처음 방문해봤는데 재료들이 다 신선하고 맛있었어요!	0
마감 시간 1시간이나 남았는데 눈치 주면서 청소 시작함 빗자루질 먼지 날려서 먹다가 나옴	0
가성비가 진짜 좋았어요 무한리필인데도 재료 관리 깔끔하고 접객도 친절해서 편하게 먹었음 친구들 데려가면 칭찬 들을 듯	0
데이트하기 딱이에요!! 분위기도 좋구 사시미 너무너무 맛있어요 와야할 때 요비에 다시 방문하고 싶어요	0
친구들이랑 여럿이서 칵테일 마시러 왔는데 분위기 깡패라 인생샷 건지고 즐거운 추억 만들었어요	1
유모차 끄는 엄마들 6명이서 브런치 모임 하러 왔는데 통로도 넓고 아기 의자도 넉넉해서 눈치 안 보고 편하게 수다 떨었습니다	1
모임때 자주왔던곳 식구들끼리 외식하러 왔는데 거리가 좀있지만 집 앞에 단골 가게가서 먹는느낌 이 모든게 친절한 사장님과 고기맛이 좋아서라고 생각합니다 다음에 또올께요	1
빨리 나오고 맛있어요, 직원분들이 친절합니다	0
아침부터 핸드폰 배터리 없어서 조마조마하고 짜증 났는데 점심에 먹은 삼계탕 덕분에 기운 나고 든든해졌습니다.	0
사장님 정말 친절하셔요. 더운날, 사장님의 친절함에 맛있게, 기분좋게 먹고가요. 감사해요... 오늘 힘들었는데 사장님 덕분에 저 힘낫어요. 번창하세요	0
남자친구랑 데이트 중에 오마카세 먹으러왔는데 공간도 프라이빗해서 좋고 맛있어용!!	0
친구들 8명이서 해외여행 계획 짜려고 모였는데 넓은 테이블에 콘센트도 많아서 노트북 펴놓고 회의하기 최고였습니다	1
친구랑 생일파티 욌는데 너무 맛있게 잘 먹었습니다	1
새벽까지 코딩하느라 찌든 개발팀원들이랑 생존 신고 겸 온 국밥집인데 국물이 너무 진해서 다들 영혼까지 충전하고 다시 사무실 들어갔어요	1
바삭한데 쫀득한 식감이라니 예술이죠?! 냉면이랑 가지튀김까지 시켜서 다양하게 즐겼어요. 진짜 신나게 먹고 왔습니다!!	0
마라 짜장맛있다고 해서 친구랑 퇴근 후 왔는데 피곤리 싹 가시는 맛입니다, !!!	0
음식이 친절하시고 사장님이 넓고 매장이 맛있어요	0
친구들이랑 왔는데 분위기도 좋고 음식도 진짜 맛있어요 자주 찾을듯합니다!	1
그냥존맛탱그자체 연말모임에도좋고 사장님알바분친절하시고 음식은..사장님변태에요 음식변태 너무잘먹고가요항상 오래해주세용	1
너무 맛있었어요!!고기가 부드럽고 양도 많아요!가성비가 좋네요	0
동창회 장소로 여기만한 곳이 없네요 테이블 붙여주셔서 다 같이 얼굴 보고 얘기할 수 있어서 좋았습니다	1
사장님 맛있어요!!!! 단골될거같아요!!!!자주놀러올게요! 회식장소로도 너무좋고 음식도 분위기도 너무좋아요! 이...하찮은..이거 제스타일이에요	1
청국장이 맛있어요 양이 든든해요	0
처음 방문했는데 매운맛 조절도 잘 해주시고 불향과 양념이 잘 어우러져 한입 먹고 깜짝 놀랐어요 분위기도 편해서 데이트 기념일 모두 무난히 가능한 곳이네요	0
처음 가봤는데 찐 이자카야인 거 같아요 음식들 너무 맛있고, 저희가 꽤 오래 머물렀는데 직원분들 다 아주 친절하게 응대해주셔서 기억에 많이 남습니다. 또 가게 될 것 같아요 잘 먹었습니다	1
이번 프로젝트 제안서 통과 기념으로 팀원들이랑 매운 짬뽕 먹으러 왔는데 스트레스 싹 날아가고 다들 다시 의욕 뿜뿜해서 돌아갑니다	1
친구랑 와서 너무 만족하고 가요! 가격도 착한데 요리도 너무 맛있어서 먹는 내내 맛있다는 소리만 계속하게 되네요 다른 친구들도 데리고 와야겠어요! 좋은 시간 보내고 갑니다	1
다같이 술마시기 좋은 장소인거 같아요!! 서비스 많이 주셔서 너무 좋습니당??	1
취미로 하는 요리 동호회 회원들이랑 맛집 탐방 왔는데 기대 이상으로 전문적인 맛이라 다들 공부도 되고 맛있는 식사도 하고 왔네요	1
유명 맛집이라 기대하고 갔는데 동네 김밥집보다 맛없음 블로그 광고에 속은 내 자신이 한심할 지경	0
시험 마치고 친구들이랑 훠궈 처음 먹으러 왔는데 너무 맛있게 먹었고 너무 즐겁게 있다가 가요! 다음에 또올게요!	1
눈까리 장식으로 달고 다니는 진상들 상대하느라 미칠 뻔했는데 여기 탕수육 소스가 제 마음을 달콤하게 감싸주네요.	0
편안한 분위기에 대화하기도 좋고 음식도 정갈하게 잘 나와요!! 전체적으로 싱싱하고 맛있어서 같이 방문한 지인과 만족스럽게 식사했네요 각종 모임 장소로 추천드려요	1
회전 레일 시스템이 정말 편리하네요. 앉아서 기다리기만 하면 다양한 야채와 고기가 계속 돌아와서 골라먹는 재미가 쏠쏠합니다. 훌륭해요	0
안주가 다양하고 시키는 것마다 넘 맛있어요 여기 대박날 것 같아요!! 단체모임하기에도 좋아요 안에 되게 넓고 깨끗합니다 재방문의사 100프로!!	1
오픈런 해서 들어온 보람이 있네요 남들보다 먼저 먹는 성취감과 맛있는 음식의 조화	0
이자카야 하면 빠질 수 없는 곳이라길래 친구랑 다녀왔는데 뭐라고 표현 해야할지 단어가 생각이 안나는데 다녀와보심 알아여 음식도 잘나오고 분위기도 좋아 다음번에 또 가고 싶어요	1
오랜만에 막창 먹으러 왔는데 설명도 잘 해주셔서 넘 좋아요!! 다음에 건대오면 또 먹을꺼같아요! 날도 좋아서 문 열려있는자리에 앉았는데 넘 좋네요 맥주도 시원해서 넘 맛있어요!!	1
며칠 동안 잠도 못 자고 예민했는데 여기서 따뜻한 집밥 같은 한 끼 먹고 나니 마음이 편안해졌어요 사장님의 정성이 위로가 되네요	0
추천으로 왔는데 넘 맛있어요!	0
매장 넓고 룸도 있어서 좋아요!	1
메뉴가 맛있고 직원분들도 친절하세요 기분좋게 한 잔 하고 갑니다.	1
대학교 동아리 모임으로 오랜만에 모였는데 가성비가 너무 좋아서 학생 때 생각나고 즐거운 시간 보냈어요!!	1
친구들이랑 퇴근 후에 양꼬치 먹으러왔는데 질도 너무 좋고 분위기도 너무 좋네요 하얼빈이랑 조합도 너무 좋네요 사이드도 여러개 시켰는데 다 맛있고 좋네요	1
여자친구와 같이 오기 좋은 곳이에요	0
할머니가 해주신 반찬 맛이랑 똑같아서 놀랐어요 그리운 맛을 여기서 찾다니 자주 올 것 같아요	0
친구들이랑 경대 놀러온김에 들렸습니다! 검색해서 찾아갔는데 분위기도 좋고 음식도 맛있어요 맛있어요! 추천합니다!	1
정말 맛있게 먹었습니다 자주 올듯해요	0
치즈가 폭포처럼 쏟아지는 피자 보면서 힐링했어요 칼로리 걱정은 내일의 나에게 맡기고 오늘은 행복만 즐길래요	0
남자친구랑 건대술집에 데이트하러왔어요!! 제가 좋아하는 노란불빛에 프라이빗하게 되어있어서 데이트하기 쨩쨩... 생선 넘 맛잇어요!!	0
그냥 이유 없이 기분 안 좋고 짜증 나는 날 있잖아요.. 근데 여기 육회 한 점 입에 넣는 순간 그 이유를 잊어버렸습니다ㅋㅋ 만족!	0
메뉴 선택 굿! 다 맛있는 거 같아요!! 고기도 부드럽고 파스타랑 리조또도 진하고 맛있어용	0
친구와 좋은 자리 보내고 갑니다!!	1
시설도 깔끔하고 매장도 넓고 무엇보다 음식이 맛있어요 맛있게 잘 먹었어요	0
맛이 좋아서 가족들과 다시 방문했어요. 면이 탱글탱글 해요.	0
친구들이랑 여럿이서 고기 먹으러 왔는데 직원이 다 구워주니까 대화에만 집중할 수 있어서 너무 편했어요	1
친구랑 같이 왔는데 맛있게 먹고가요	1
바삭바삭한 식감이 씹을 때마다 스트레스가 부서지는 느낌이에요 소리까지 맛있는 튀김 덕분에 기분 전환 제대로 했어요	0
만두 속이 차갑고 밀가루 풋내 나서 말했더니 전자레인지에 돌려서 가져다줌 최악임	0
양이 진짜 많고 파스타 본연의 맛 리조또 본연의 맛에 충실하게 맛있어요! 소스 양도 진짜 많이 주십니다	0
우리 오빠 막공 끝나고 팬들끼리 뒤풀이 장소로 빌렸는데 사장님이 배경 음악으로 오빠 노래 계속 틀어주셔서 진짜 감동이었습니다!!	1
너무 맛있어요 매징이 조용하고 넓어서 또 오고싶어요	0
친구들이랑 나들이왔다가 들렀어요 날씨도 너무 좋고 3층까지 있어서 자리가 넉넉해서 좋네요	1
맛 서비스 위생 가격 모든 게 엉망인 식당 살다 살다 이렇게 최악인 곳은 처음 봄 절대 가지 마세요	0
이렇게 메뉴 많은 곳은 처음. 크림새우랑 냉면 먹었는데 너무 맛있어요. 다음에는 염통꼬치 도전 예정!	0
안주 서비스도 챙겨주시고 즐거운 시간 보냈어요!	1
주차하다가 차 살짝 긁어서 속상함의 극치였는데 갓 구운 식빵 냄새에 마음이 평온해졌어요~	0
도전해 본 신메뉴 대성공이라 로또 맞은 기분이에요 새로운 맛을 알아가는 재미에 푹 빠졌습니다	0
3.4/5 쫄면떡볶이 2인분 1.5만원 짜장떡볶이는 아닌데 색이 짜장이다. 살짝 매콤한 떡볶이인데 즉떡으로 그냥저냥  단무지가 아삭아삭 싱싱하지가 않아서 별로였음	0
어머니 모시고 점심식사 하기 위해 방문했습니다 샤브샤브 퀄리티도 높고 가성비가 좋아서 만족스러웠어요 대표님이 친절해서 기분 좋게 다녀갔네요 재방문의사 높습니다 잘먹었습니다 감사합니다	0
고기 소스가 너무 맛있었어요 다음에 친구들이랑도 오려구요	1
분위기 맛집?? 세트 꼬치 넘맛있구 친구들만나서 수다떨기좋아요??	1
넓고 깨끗하고! 모임하기에 좋은 카페인것 같아요!! 화장실도 깨끗해서 너무 좋았어요 계산해주신 분도 너무 친절하셔서 기분이 좋았습니다	1
육회러버인 우리 육회어때 댕겨왔슴다 사시미 세트 먹고 싶었는데 아무래도 추우니까 탕도 시킬 것 같아서 육회랑 탕 세트로 노선 변경 진짜 너무 맛있어서 화요병 이겨냈어여 우울핑인 요즘인데 힐링하고 왓다요??	0
빼빼로데이 맛있는 삼겹굽는 남친 맛있겠다	0
서로 으르렁대던 영업팀이랑 개발팀 합동 회식 왔는데 여기서 소맥 한 잔 말아 마시고 형님 아우 하며 화해하고 나갔습니다	1
학교 앞에 있어서 한 번 와봤는데 맛있어요 불쇼도 해 줘서 보기 재밌어요	1
아메리카노 수혈이 시급했는데 진한 향기에 머리가 맑아져요 역시 직장인은 커피 힘으로 버티죠	0
세트 모든 메뉴가 다 미쳣어요 엄청 맛잇어서 눈돌아갈뻔 건대 이자카야 주변지인들한테 왕창 추천하고 다닐고예요	1
맛없으면 오늘이 내 마지막 날이다 생각하고 들어왔는데 너무 맛있어서 내일도 올게요.	0
안주도 술도 다양하고 너무 맛있어요!! 건대오면 또 방문할 예정입니다!! 잘 먹고 갑니다!	1
사랑하는 와이프와 오랜만에 나온 데이트에서 아주 만족스러운 식사를 했습니다. 취향이 다른 사람끼리 와도 맛있게 먹을 수 있도록 종류가 매우 다양하고 맛있습니다. 자주 방문할 예정입니다.	0
여긴 정말 꼭 와야 하는 집임. 가격도 디게 저렴하고 맛도 완전 잇음. 건대 뒷쪽이라 북적이지 않음. 친구들과 오기 좋기도하고 공간이 분할되어 있어서 대화도 평안함. 다시 오고 싶은 마음 완전 있음 예약하고 오면 하이볼 11	1
그냥 마음 맞는 친구들이랑 슬리퍼 끌고 모였는데 매장이 넓어서 오래 앉아 있어도 눈치 안 보이고 참 편안한 아지트 같아요~	1
화장실 냄새가 매장 안까지 들어와서 비위 상해 죽는 줄 알았습니다 청소 좀 자주 하세요	0
일본에 온듯 지난주에 이어 또한번 왔다 진한 미소 국물의 라멘과 생맥주한잔에 한주간의 피로가 풀린다	0
취업 준비 스터디원들이랑 마지막으로 모여서 삼겹살 먹었는데 다들 좋은 결과 가지고 다시 여기서 모이자고 약속하며 든든하게 먹었습니다	1
오랜만에 친척들 다 모여서 점심 먹었는데 좌식 테이블이 있어서 아이들 데리고 오기에도 편하고 음식도 정갈했습니다	1
친구가 추천해서 왔는데 너무 맛있습니다!!!! 또 올께용	0
데이트 맛집 추천합니다 알차고 좋아요	0
대학교 응원단 연습 끝나고 단체로 해장국집 왔는데 국물이 너무 진해서 소진된 기운이 다시 펄펄 나는 기분이었다네요	1
음식도 너무 맛있고 분위기도 좋아요	0
또왔어여!!!!!! 분위기도 넘 좋구 새로웅 사람들 또데려왘서유	1
오랜만에 칼질 좀 했는데 스테이크 굽기가 예술이네요 입에서 살살 녹는 고기 덕분에 기분 업 됐어요	0
직장 동료들이랑 점심 회식으로 스테이크 썰러 왔는데 런치 세트 구성이 좋아서 합리적으로 잘 먹었습니다..	1
여자친구와 데이트할 곳을 찾다가 요비를 찾아서 와보게 되었는데 분위기도 너무 좋고 프라이빗한 공간에서 먹을 수 있어 소개팅, 데이트 장소로 딱 좋은 것 같아요 전 오마카세 먹었는데 기본으로 전복죽이랑 미역국이 나왔는데 정말 팔아도 될 정도로 맛있었어요! 건대에서 데이트 하신다하면 무조건 여기 오세요!	0
해물파전에 해물은 오징어 다리 몇 개가 전부고 밀가루 반죽만 두꺼움 이게 2만 원이라니	0
스테이크 미디엄으로 시켰는데 속이 차가워서 물어보니 해동이 덜 됐다고.. 이걸 돈 받고 파나요	0
부서 점심 회식으로 온 초밥집인데 구성도 알차고 재료도 신선해서 다들 오후 업무 힘낼 수 있을 것 같대요	1
오랜만에 가족 외식 나왔는데 부모님이 잘 드셔서 너무 행복했어요 효도한 기분이라 마음이 따뜻해집니다	0
동네 아지트 같은 술집인데 매장이 넓어서 갑자기 10명 넘게 들이닥쳐도 자리 금방 만들어주셔서 항상 믿고 갑니다	1
넘 맛있어요 단체 회식으로 왔는데 분위기 좋고 안주 맛있고 노래도 넘 완벽!!	1
음식도 빨리 나오고 매장도 넓어서 단체회식하기 좋은 장소에요 테이블 간격도 넉넉해서 편하게 이야기 나누기 좋습니다 직원분들 친절해서 기분 좋았어요	1
밤늦게 맥주한잔 하러 왔는데 분위기도 좋고 음식도 맛있어요!! 다음에 또 올게요! 얼그레이 하이볼 강추입니다	1
연말이라 동창회 장소 잡기 힘들었는데 여기는 공간이 분리되어 있어서 우리끼리 오붓하게 떠들기 너무 좋았어요	1
삼겹이 먹고 싶어서 먼저 가서 삼겹 굽고 있으니 남친와서 같이 냠냠2인분 굽고,1인분 추가. 늘 맛있다	0
사장님 황금비율 레시피 덕분에 매번 같은 맛이라 믿고 올 수 있어요 서빙도 빠르고 분위기도 편안해서 혼밥이나 모임 모두 좋아요 마지막까지 만족스럽게 먹고 나왔습니다	1
생일맞아 지인들과 함께 저녁모임 토요일임에도 대학가라 대학생 단체가 많네요 조금 일찍 가서인지 바로 입장했구요, 오래전부터 변하지않는 맛집입니당 눈에 보기 좋은 음식이 맛도 좋은 거 아시죠	1
친구와 얘기하기도 좋고 음식도 술도 다 너무 맛있었습니다! 덕분에 좋은 시간 보냈어요	1
테이블이 끈적거려서 물티슈로 한번 닦았더니 시커먼 때가 묻어나옵니다 위생 관리 좀 하셔야겠어요	0
보드게임 동호회 정기 모임이라 테이블 넓은 곳 찾다가 왔는데 안주 먹으면서 게임 설명 듣기에도 아주 쾌적하고 좋았습니다	1
너무 좋고, 공간도 프라이빗해서 데이트하기 딱 좋은 것 같아요!!!	0
양도 많고 맛있어요! 서비스로 만두도 주셔서 진짜 배부르게 먹고 왔어요	0
해물짜장을 간짜장이라고 하면서 파심 ㅠㅠ …. 별로였어요.. 탕수육도 돼지 냄새 나구..	0
이번에 제사 대신 온 가족 모여서 외식했는데 매장도 넓고 메뉴가 다양해서 어른들부터 애들까지 다들 만족스럽게 잘 먹고 왔습니다	1
직장 동료들이랑 점심 회식으로 온 한정식집인데 반찬 가짓수도 많고 정갈해서 다들 대만족했습니다	1
전부터 먹고 싶었는데 면이 쫄깃하고 너무 맛있었오요!! 주차도 어려움 없이 매장 옆쪽에 했고 잘 먹었습니다	0
진짜 맛있어요 오고싶었던 곳인데 와서 정말 좋았습니다! 직원분들도 정말 친절하시고 대화하기도 좋아요	0
새벽 기도 모임 끝나고 교우분들이랑 단체로 왔는데 사장님이 친절하게 맞아주시고 음식도 깔끔해서 다들 든든하게 한 그릇 했습니다	1
우연히 오게됐는데 음식도 맛있고 모두 너무 친절하셔서 술이술술 재방문할께요	1
건대에서 흔치 않은 조용하고 맛있는 안주와 함께 술 마실 수 있는 곳이에요 친구랑 와도 좋고 연인이랑 와도 정말 좋은시간 보낼 수 있습니다 !! 음식도 정말 무슨 안주를 시켜도 맛있어서 건대입구 이자카야 찾으시면 강력하게 추천드립니닷	1
직원분들도 친절하고 매장도 분위기가 좋아서 저녁에 식사겸 간술하기 좋은 곳 같습니다!	1
감기 기운 있어서 골골댔는데 뜨거운 죽 한 그릇에 온몸이 녹아내려요 아픈 것도 잊게 만드는 치유의 맛	0
지인들과 송년 모임 주말에이용했어요 예약 하지 않았다면 대기 를오래 했을정도로 주말 시간이여서 사람들이 많이있네요 참석 한 지인 분들도 맛있다고 하네요 주말예약은 필수 라는것 !	1
사장님도 그렇고 직원분들도 그렇고 다들 너무 친절하시고 고기도 잘 구워주시고 특히 목살이 진짜 야들야들하고 대박완전 맛있어요,진짜 인생 고기임댜??	0
진짜 대하 파는 건대 대하 맛집 ! 맛도 좋고 종업원들도 엄청 친절해요 타지역 사는 데도 대하는 맨날 여기로만 먹으러 옵니다	1
은퇴하시는 부장님 깜짝 송별회 해주려고 룸으로 예약했는데 꽃다발이랑 현수막 세팅도 도와주시고 음식도 고급져서 완벽한 마무리였습니다	1
가족의 특별한 날이면 항상 애용하는 빕스에요	0
진짜 씨발 소리밖에 안 나오는 날이었는데 시원한 생맥주에 치킨 한 마리 뜯으니 살만하네요.	0
소개팅 상대가 너무 무례해서 집 가고 싶었는데 애프터로 먹은 디저트가 너무 완벽해서 기분 다 잡고 귀가해요~	0
운전하다가 갑자기 끼어든 차 때문에 심장 떨리고 화났는데 달콤한 푸딩 먹고 나니 진정이 좀 되더라고요.	0
육아하느라 끼니도 제대로 못 챙겼는데 정갈한 한 상 차림 받고 울컥했어요 대접받는 기분 너무 감사합니다	0
오랜만에 대가족 모임이었는데 주차 공간도 넉넉하고 매장도 넓어서 어르신들 모시기 참 편했습니다	1
전국 여행 동호회 번개 모임으로 갑자기 20명 모였는데 사장님이 순발력 있게 자리 만들어주셔서 기다림 없이 즐거운 파티 했습니다	1
직장 동료들이랑 점심시간에 왔는데 음식 나오는 속도도 빠르고 테이블이 넓어서 여럿이 오기 참 좋네요	1
낚시 동호회에서 직접 잡아온 물고기 회 떠준다고 하셔서 예약하고 갔는데 매운탕 맛이 역대급이라 다들 술잔을 못 놨습니다	1
저의 건대 최애 단골집 양도 많고 항상 맛있어요! 오늘도 지인들 무리로와서 맛있게 먹다 갑니다!	1
힘들었고 지쳤던 몸과 마음을 따뜻하고 건강한 음식을 먹으며 다시 회복하고 기력을 찾은 거 같아요! 착한 가격에 알찬 구성을 가지고 직원분들도 친절하니 많이 이용해주세요 	0
아이 유치원 친구들 가족 모임으로 예약했는데 애들 놀이방도 있고 음식도 자극적이지 않아서 부모님들도 애들도 다 같이 행복했어요	1
너무 맛있어요 기분 좋게 먹는 중이에요!	0
여기 분위기가 진짜 조용하고 아늑해요. 가족 모임하기에도 딱 좋은 것 같아요. 직원분들도 친절하시고 서비스도 괜찮았어요. 음식 나오는 속도도 빠르고 맛도 무난하게 맛있었어요. 깔끔하게 잘 차려져 나와서 보기에도 좋았고요.	0
부서 송년회로 온 일식당인데 룸으로 되어 있어서 조용하게 올 한 해 마무리하는 대화 나누기 딱 좋았습니다	1
옆 자리랑 간격이 너무 좁아서 합석한 기분 옆 사람 숨소리 들으면서 밥 먹기 싫으면 가지 마세요	0
기분이 저기압일 땐 역시 고기 앞으로 가라는 말이 정답! 육즙 팡팡 터지는 맛에 우울했던 기억이 싹 지워졌어요ㅋㅋㅋ 오늘 하루의 피로를 여기서 다 풀고 가네요.	0
아이들 운동회 끝나고 학부모 40명이 우르르 몰려갔는데 매장이 워낙 커서 복잡하지 않게 대화 나누며 고기 구워 먹기 참 좋았습니다	1
여친이랑 헤어지고 가슴 찢어지게 아파서 아무것도 못 먹다가 여기 죽 한 그릇에 기운 차렸어요.	0
와 여기 미쳤네요.!! 안주도 미쳤어욬 잔도 고르라니 평생이용권 얼마면되나요?? 집에서 여기 까지 40분 걸리지만 단골하고싶은 이마음. 정말 행복하게 마시다 갑니다 번창하세요!!!	1
건대 맛집으로 친구 추천으로 오게 되었는데 넘넘 맛있어요! 양도 적당하고 직원분들도 친절하셔서 좋은 저녁 시간 보냈습니당!!!	1
솔직히 기대 안 하고 왔는데 한 입 먹고 눈 번쩍 뜨였어요. 최근 먹은 것 중에 제일 맛있어서 우울했던 기분 다 잊음ㅋㅋㅋ 역시 사람은 맛있는 걸 먹어야 해요.	0
칭따오 맥주 이벤트도 하네요. 편안하게 맛있는 시간 잘 보냈네요.	1
맛도 좋고 양도 많아서 기분좋게 식사했습니다. 광교 맛집으로 가족들과 오기 좋은 외식장소로 강추 드립니다	0
남자친구랑 데이트하러 왔는데 분위기 너무 좋고, 커피 맛도 정말 좋습니다. 강추강추 오시면 꼭 들러주세요	0
일본회사만 9년을 다녔는데.. 도쿄 본사 부근 에서 먹은 맛이 생각났어요! 가족들도 너무 행복하게먹고갑니다?? 재방문의사 1,000	0
지인이 맛있다고 추천해줘서 왔는데 정말 맛있네요. 날이 추워서 따뜻한 덴뿌라 우동 먹었는데 깔끔했고, 직원분이 친절해서 자주 올거 같아요	0
시 낭송 동호회 모임인데 분위기가 워낙 서정적이고 안주도 예뻐서 다들 시 읽다가 나중에는 안주 찬양하는 노래만 부르고 왔네요	1
직장 동료들이랑 점심 회식으로 온 곳인데 파스타랑 리조또 종류별로 시켜서 나눠 먹으니까 다양하게 즐길 수 있어서 좋았습니다	1
친구들이랑 왔는데 너무 좋아요!!!	1
진짜 세상 사람들 다 나 빼고 행복해 보여서 우울했는데 여기 곰탕 한 그릇에 따뜻하게 위로받는 기분이었어요~	0
피자 도우가 덜 익어서 밀가루 반죽 씹는 느낌 토핑도 부실하고 돈 아까움	0
윗집 인테리어 공사 소음 때문에 머리 깨질 것 같았는데 시원한 아사이볼 먹으니까 뇌가 정화되는 기분이에요~	0
회사 근처 직장인 밴드 뒷풀이 장소로 왔는데 사장님이 노래 틀어도 된다고 배려해주셔서 우리끼리 미니 콘서트 열고 신나게 놀았습니다	1
짬뽕 홍합이 다 입 다물고 있고 신선하지 않음 국물도 텁텁하고 별로임	0
출사 동호회 회원들이랑 안주 사진 찍으러 왔는데 조명이 너무 예뻐서 보정 안 해도 사진이 잘 나온다고 다들 셔터 누르느라 바빴어요	1
맛있게 잘먹었어요!! ?? 자리도 널찍널찍 음식도 맛있어서 즐거운 모임 했어요!!! 굿굿	1
단체모임하기 너무 좋아요 음식도 너무 맛있습니다!! 특별한날 방문하기 좋은거같아요 불쇼도 너무 좋았어요	1
친구가 큰 프로젝트 따냈다고 한턱 쏘러 왔는데 한우 등심 퀄리티 보고 다들 오늘 잠 다 잤다며 미친듯이 흡입했네요	1
튀김 기름을 얼마나 안 갈았는지 색깔이 거무튀튀하고 쩐내 나서 한 입 먹고 뱉음	0
솔티드 카라멜 휘낭시에랑 라떼 한잔 하면 하루 피로가 풀려요.... 넘 맛있습니다!!!	0
단체로 방문했는데 자리도 넓고 서빙도 빨라서 편하게 즐겼어요 매콤한 맛이 기분 좋게 자극적이라 계속 먹게 되는 맛입니다 또 모임 있으면 여기로 정함	1
친구 로또 3등 된 기념으로 한턱 쏜다고 해서 모였는데 한우 마블링 보고 다들 로또 1등 된 것처럼 기뻐하며 먹었습니다	1
분위기가 아늑해서 친구랑 얘기 나누기 좋았어요.. 안주가 전반적으로 깔끔하게 잘 나와서 술이 절로 들어가네요 히히	1
분위기도 좋은데 가성비랑 맛까지 좋은 곳이에요!! 데이트코스로도 좋고 소개팅 코스로도 아주 강추드립니다 소개팅코스로 여기 고르시면 남자분 첫만남부터 점수 따실수도!!!	0
메뉴판 사진이랑 달라도 너무 달라요 고기 양이 반의반도 안 됨 완전 사기 수준	0
음식 양이 너무 적어서 2인분 시켰는데 혼자 먹어도 부족함 접시만 크고 내용물은 창렬 그 자체	0
한창 점심시간에 방문했는데도 대기없이 바로들어올수있어서 좋았어용 신기하게 불쇼도볼수있고 맛도있어서 다음에 또방문할예정입니다	1
자취방 보일러 고장 나서 얼어 죽을 뻔했는데 배달 온 뜨끈한 쌀국수 국물이 생명 연장해준 기분입니다.	0
스트레스이빠이받은날에는역시마라탕이최고입니다	0
어른들도 좋아하시게 정갈하고도 다양하고 맛도 좋고 예쁘게 쫙 나오네요 요리 하나하나가 대충 나온게 없고 정성이 다 느껴지고 든든하게 잘 먹었어요 넘 만족스럽고 가족외식이나 상견례 요런 자리에서도 완전 딱이겠어요!!	0
교회 청년부 모임으로 단체 방문했는데 매장도 넓고 쾌적해서 다 같이 대화 나누기에 부족함이 없었습니다	1
친구들하고 도란도란 얘기하며 술한잔 하기 좋은 곳이었어요!시끄럽고 사람 많은 곳이 부담되는 편이라 저는 여기 자주 올것 같어요!!	1
스트레스 풀려고 매운 거 먹으러 왔는데 역시 너무 맛있어요!!	0
오늘따라 일이 너무 꼬여서 육성으로 욕 나왔는데 쫀득한 탕수육 한 입 씹으니까 잡생각이 다 날아가더라고요!!	0
아침부터 늦잠 자서 택시비 날리고 자괴감 쩔었는데 점심에 먹은 연어 덮밥이 너무 싱싱해서 화가 사르르 녹았습니다ㅋㅋ	0
양도 충분하고 맛있어요!!! 여자 둘이 메뉴 두 개 배부르게 먹었습니다 세 개 못 먹은 게 아쉽습니다 크리스마스 분위기 속에서 맛있게 먹구 다음에 또 와서먹고 싶어요!	0
여자친구랑 데이트로 왔는데 직원분들이 매우 친절하시고 아늑하며 간술하기도 좋고 친구들이랑 이야기 하기도 매우 좋은 곳 같아요! 간술하시거나 2차로 오시기에 매우 좋은거 같아서 추천드립니다!	0
확실한 데이트 맛집이네요. 판다 캐릭터 냄비가 진짜 귀여워서 사진 찍는 재미가 쏠쏠해요. 인테리어도 예쁘게 꾸며져 있어서 분위기 좋고, 연인과 함께 오기에 딱 맞는 공간이에요. 음식도 맛있고 서비스도 친절해서 만족스러워요.	0
화장실 문 잠금장치 고장 나서 불안해서 이용 못 함 가게 시설 관리가 전혀 안 되는 듯	0
맛있고 매장이 넓어서 쾌적해요 !!	0
이자카야 많이 안 가봤는데 첫입문을 여기서 해서 너무 좋아요!! 앞으로 이자카야 많이 갈 것 같아요 맛도 맛이지만 직원분들이 친절해서 너무 좋았어요 다음에 또 올게용!!	1
독서 모임 뒤풀이 장소로 추천받아 왔는데 조용하게 대화 나누기 좋고 커피 향도 진해서 만족스러워졌어요	1
비도주룩주룩 내리면서 날씨도 후덥지근하고 짜증나는 날씨에 확근하게 매운 코다찜 쵝오네요	0
진짜맛있게잘먹었어요 일요일 기준 11시입장해도 10분도 안되어서 꽉 차네요 신선하고 맛나게 잘먹었습니다 90분 넉넉해요!	0
음식이 정말 빨리 나와서 배고플 때 신속하게 먹기 좋았어요 매장도 넓고 쾌적해서 단체회식 장소로 추천드려요 무엇보다 맛이 좋아서 모두 만족스럽게 먹었습니다	1
친구들모임에 늘 오는곳이에요! 음식도 너무맛있고 사장님도 매우 친절하십니다 오늘도 즐거운모임하고갑니당	1
스테이크가 고무타이어보다 질겨서 턱 빠지는 줄 알았습니다 이 가격 받고 팔 퀄리티가 아님	0
아침부터 새똥 맞아서 재수 옴 붙었다 생각하고 하루 종일 기분 별로였는데 여기 삼계탕 먹고 보양하니 기운이 납니다.	0
맛잇어요 빨리나오고 런치 천원할인!	0
친구들이랑 같이 점심 먹으러 왔는데 양꼬치 꿔바로우 모두 무제한이고 맛도 좋고 편히 얘기하면서 즐기기 좋은 분위기 입니다.	1
밤샘 촬영 마친 스태프 30명이랑 새벽에 문 연 국밥집 찾아왔는데 고기 양이 너무 푸짐해서 다들 든든하게 배 채우고 퇴근했습니다	1
아인슈페너 크림이 쫀쫀해서 너무 맛있어요 달콤한 크림과 씁쓸한 커피의 조화가 인생 같네요	0
취미 동아리 활동 후에 단체로 방문했는데 사장님이 자리 배치를 잘 해주셔서 오붓하게 대화하며 먹기 좋았습니다	1
감자튀김이 눅눅하고 기름 쩐내 남 튀겨놓은 지 한참 된 거 준 듯	0
술집 마싰어용 친구랑 대화하며 술한잔 하기 좋아요	1
평일 오후라 좌석 여유있을 줄 알았는데 혼술인데도 예약하길 잘했다 ! 싶을 정도로 만석 건대 핫한 이자카야인만큼 예약 추천해용 하이볼이랑 연어모듬사시미 둘 다 맛도리 건대 이자카야 건대 분위기 술집 건대 데이트 서울낙업 추우천	1
엄마가 갱년기라 많이 우울해하셨는데 모시고 왔더니 너무 좋아하시네요. 소녀처럼 웃으시면서 드시는 거 보니 제가 더 행복합니다. 효도하게 해 주셔서 감사해요!	0
들어오자마자 직원분 표정이 너무 안 좋아서 제가 뭐 잘못한 줄 알았네요 주문받을 때도 툭툭 던지듯이 말하고 다시는 가고 싶지 않아요	0
너무 맛있어요 전에 왔을때 너무 맛있어서 또 왔는데 분위기도 좋고 특히 연말 분위기에 너무 어울리는것같아요!!	1
남자친구랑 데이트하려고 왔는데 분위기랑.. 맛 무엇인가요 너무 맛잇어여 추천!!!!	0
증조할머니부터 증손주까지 4대가 모인 식사 자리였는데 어르신 입맛에도 딱이고 애들 먹을 것도 많아서 완벽한 가족 모임이었습니다	1
핸드폰 배터리 1프로라 조마조마하고 짜증 났는데 카페 사장님이 충전해 주셔서 마신 라떼가 두 배로 맛있네요ㅋㅋ	0
남편이 월급 탔다고 참치 사줬는데 해동 상태 딱 좋고 김에 싸 먹으니 입에서 녹아요ㅠㅠ 술이 술술 들어가는 밤입니다	0
부서 통합되고 첫 전체 회식이라 서먹할까 봐 걱정했는데 안주가 워낙 맛있으니까 다들 먹으면서 금방 친해져서 다행이었어요	1
음료가 무제한이라는 사실에 먼저 놀랐습니다. 가성비를 생각하면 정말 훌륭한 가치를 제공하는 곳이더라고요. 식재료의 종류가 정말 많아서 매번 올 때마다 새로운 경험을 할 수 있을 것 같습니다.	0
매운맛 1단계 시켰는데 캡사이신을 얼마나 넣었는지 속 쓰려 죽는 줄 매운맛 조절 실패한 듯	0
전국 일주 중인 오토바이 동호회 회원들이랑 단체로 주차하고 먹은 비빔밥인데 주차 공간도 넓고 음식도 빨리 나와서 대만족이었어요	1
오늘 하루종일 기분이 땅굴 파고 들어가는 중이었는데 여기 와서 인생 메뉴 만나고 급속 충전 완료했습니다 사장님 사는 동안 많이 버세요	0
서핑 동호회 회원들이랑 시원하게 회 한 접시 하러 왔는데 매장이 탁 트여 있어서 바다 느낌 그대로 즐기며 잘 먹고 왔어요	1
영화 동호회 정모 끝나고 뒤풀이 왔는데 매장 분위기가 아지트 같아서 영화 얘기하며 밤새 술잔 기울이기 너무 좋았습니다	1
비주얼 쇼크 맛도 쇼크 너무 완벽해서 충격적이네요 우울함을 잊게 만드는 충격 요법 제대로 받고 갑니다	0
제 평생을 함께 할 인생의 동반자와 방문하였읍니다. 쪼꼬렛 케잌도 맛났고, 커피도 맛이 좋읍니다. 무엇보다 분위기에 취해 오늘을 잊지 못 할 것 같읍니다. 이만 줄이겠읍니다. 감사합니다	0
컵에서 립스틱 자국 그대로 발견 설거지 대충 하는 게 눈에 보임	0
아이와 함께 방문하였는데 말씀드리지 않아도 가위를 챙겨주셔서 감사했습니다 아이가 너무 잘 먹네요 우동 드링킹하고 돈까스도 먹고 함께 나온 유부초밥도 잘 먹었습니다. 가족 단위로 외식할 때 딱이네요다음에도 또 방문 예정입니다	0
신년회 장소로 여기 추천했는데 부장님부터 막내까지 다들 맛있다고 칭찬해줘서 총무로서 아주 뿌듯했습니다	1
종종 주말마다 혼자 또는 친구랑 가서 먹어요. 올때마다 늘 즐겁게 맞이해주시고, 술 집 분위기는 친구와 때론 혼자 가서도 이상하지 않을 만큼 좋아요 시간나면 갈 만큼 너무 좋은 곳이에요	1
메뉴가 다양해서 선택의 폭이 넓고 직원분들도 친절하시고 분위기도 좋아요 음식도 역시 맛있네욤옴옴 다음에 친구들이랑 또 같이 올거같아요	1
여기 고기 진짜 찐맛탱이에요!!!! 우울할 땐 우상 고기앞으로 ??	0
직원분들 넘 친절하고 메뉴 구성 참 좋네요 보물같은 집을 찾앗어요!	0
20년 만에 모인 초등학교 동창들이랑 예전 단골집 분위기 나는 곳 찾다가 왔는데 맛도 변함없고 공간도 넓어서 최고였습니다	1
입맛 까다로운 남편도 엄지척하네요 까탈스러운 사람 입막음시키는 위대한 맛집 덕분에 평화로운 식사했습니다	0
맛잇고 매장도 넓어요!! 잘먹고갑니다	0
우연히 길다가 분위기가 좋은 곳 같아 방문했어요!! 메뉴도 너무 맛있고 와인으로 너무 좋은 시간 보내고 가요 . 건대 맛집으로 인정!!!! 다음에도 또 오고싶어요	1
친구랑 둘이가서 배터지게 먹고 왔어요 코스로 하나하나 나올 때마다 모든메뉴가 다 맛있어서 행복했습니다 회도 엄청 신선하고 입에 착착 감기더라구요 사장님이 고민을 많이 하고 음식들을 만드신게 느껴져서 정성이 가득한 식사였습니다 재방문의사 100000입니다!!	1
두번째 방문했는데 항상 맛있게 잘먹고 갑니당 작지만 분위기도 좋고 조용해서 얘기하기 좋아요 안주들도 맛있어서 술 잘들어가네요	1
사시미도 너무 맛있고 꼬치도 넘 맛있었어요! 하이볼이랑 잘 어울려서 흡입해버렸어요 가게 분위기도 너무 좋고, 먹는 도중에 비가 왔는데 운치있고 좋았어요 사장님도 친절하시고 넘 맛있게 좋은 시간 보내고 갑니당! 추천!!	1
친구들과 방문했는데 분위기도 좋고 친절하셨어요 음식들이 신선하고 다 너무 맛있었구 친구들과 술한잔하며 오랜만에 즐거운 시간보냈어요	1
축구 동호회 야유회 끝나고 들렀는데 사장님이 친절하시고 양도 푸짐하게 주셔서 운동 후 허기진 배 든든하게 채우고 갑니다!!	1
가격 대비 양이 너무 적어요 2인분 시켰는데 혼자 먹어도 부족할 양임 가성비 진짜 별로	0
남편과 퇴근 후 데이트를 즐기기 위해 미리 예약 후 오랜만에 방문했어요 여전히 맛있는 음식들과 친절한 응대에 감동이고 올때마다 생각나는 맛집입니다 ! 덕분에 행복한 시간이 되었어요	0
